ID,0.0,10.0,20.0,30.0,40.0,50.0,60.0,70.0,80.0,90.0,100.0,110.0,120.0,130.0,140.0,150.0,160.0,170.0,180.0,190.0,200.0,210.0,220.0,230.0,240.0,250.0,260.0,270.0,280.0,290.0,300.0,310.0,320.0,330.0,340.0,350.0,360.0,370.0,380.0,390.0,400.0,410.0,420.0,430.0,440.0,450.0,460.0,470.0,480.0,490.0,500.0,510.0,520.0,530.0,540.0,550.0,560.0,570.0,580.0,590.0,600.0,610.0,620.0,630.0,640.0,650.0,660.0,670.0,680.0,690.0,700.0,710.0,720.0,730.0,740.0,750.0,760.0,770.0,780.0,790.0,800.0,810.0,820.0,830.0,840.0,850.0,860.0,870.0,880.0,890.0,900.0,910.0,920.0,930.0,940.0,950.0,960.0,970.0,980.0,990.0,1000.0
0.0,0.0,0.0,0.0,0.0,0.0,0.0,0.0,0.0,0.0,0.0,0.0,0.0,0.0,0.0,0.0,0.0,0.0,0.0,0.0,0.0,0.0,0.0,0.0,0.0,0.0,0.0,0.0,0.0,0.0,0.0,0.0,0.0,0.0,0.0,0.0,0.0,0.0,0.0,0.0,0.0,6470.4318,4265.4043,5581.5185,0.0,5950.7485,4609.1035,7224.0304,0.0,10853.928,0.0,15014.0095,0.0,7427.5127,0.0,0.0,4482.972,0.0,0.0,0.0,0.0,145528.31,6752.6397,0.0,0.0,0.0,0.0,3941.8723,3202.5518,0.0,0.0,0.0,0.0,0.0,0.0,0.0,0.0,0.0,0.0,0.0,2883.7935,0.0,0.0,0.0,0.0,0.0,0.0,0.0,0.0,0.0,0.0,0.0,0.0,0.0,0.0,0.0,0.0,0.0,0.0,0.0,0.0,0.0
10.0,0.0,0.0,0.0,0.0,0.0,0.0,0.0,0.0,0.0,0.0,0.0,0.0,0.0,0.0,0.0,0.0,0.0,0.0,0.0,0.0,0.0,0.0,0.0,0.0,0.0,0.0,0.0,0.0,0.0,0.0,0.0,0.0,0.0,0.0,0.0,0.0,0.0,0.0,0.0,0.0,2685.6553,0.0,12167.2986,4630.2417,5781.162,20839.782,7117.5104,0.0,3080.0364,0.0,3563.7334,0.0,8315.623,3925.3264,0.0,0.0,0.0,2897.3286,0.0,3404.381,0.0,3425.497,3665.8086,7632.594999999999,0.0,4128.064,3250.4626,3940.5242,6767.8601,0.0,0.0,8173.054,3899.8936,0.0,0.0,0.0,4617.2915,0.0,0.0,0.0,0.0,0.0,0.0,0.0,0.0,0.0,0.0,0.0,0.0,0.0,0.0,0.0,0.0,0.0,0.0,0.0,0.0,0.0,0.0,0.0,0.0
20.0,0.0,0.0,0.0,0.0,0.0,0.0,0.0,0.0,0.0,0.0,0.0,0.0,0.0,0.0,0.0,0.0,0.0,0.0,0.0,0.0,0.0,0.0,0.0,0.0,0.0,0.0,0.0,0.0,0.0,0.0,0.0,0.0,0.0,0.0,0.0,0.0,0.0,0.0,0.0,0.0,5802.311,0.0,2753.751,42546.3552,0.0,27773.501099999998,0.0,0.0,3130.7751,0.0,6752.954900000001,0.0,3364.3352,0.0,0.0,0.0,0.0,2704.549,0.0,7875.5325,4066.7,3706.0815,0.0,0.0,3380.6636,0.0,3526.9546,4529.118,0.0,0.0,3674.4668,11256.4197,4155.1104,0.0,0.0,0.0,0.0,0.0,2053.1936,0.0,0.0,0.0,0.0,0.0,0.0,0.0,0.0,0.0,0.0,0.0,0.0,0.0,0.0,0.0,0.0,0.0,0.0,0.0,0.0,0.0,0.0
30.0,0.0,0.0,0.0,0.0,0.0,0.0,0.0,0.0,0.0,0.0,0.0,0.0,0.0,0.0,0.0,0.0,0.0,0.0,0.0,0.0,0.0,0.0,0.0,0.0,0.0,0.0,0.0,0.0,0.0,0.0,0.0,0.0,0.0,0.0,0.0,0.0,0.0,0.0,0.0,0.0,3213.941,3383.0708,4018.3608,36321.0927,4240.334,15279.1113,6455.102,25783.947699999997,0.0,7434.946099999999,8705.2458,0.0,8975.185099999999,5273.5264,5422.436,0.0,0.0,3504.337,9526.020400000001,7310.185100000001,0.0,4926.858,10333.2997,8590.5869,3327.8103,0.0,12882.451100000002,4731.937,7874.0338,0.0,0.0,5116.653,0.0,0.0,6241.356,5041.8975,0.0,3337.1106,0.0,0.0,0.0,0.0,0.0,0.0,0.0,0.0,0.0,0.0,0.0,0.0,0.0,0.0,0.0,0.0,0.0,0.0,0.0,0.0,0.0,0.0,0.0
40.0,0.0,0.0,0.0,0.0,0.0,0.0,0.0,0.0,0.0,0.0,0.0,0.0,0.0,0.0,0.0,0.0,0.0,0.0,0.0,0.0,0.0,0.0,0.0,0.0,0.0,0.0,0.0,0.0,0.0,0.0,0.0,0.0,0.0,0.0,0.0,0.0,0.0,0.0,0.0,0.0,5331.5586,10651.871599999999,0.0,0.0,20493.298000000003,0.0,7853.3877,24549.858699999997,0.0,101950.458,4513.3423,38680.41,15476.9932,16597.5797,6274.632,6284.8955,9454.136,0.0,0.0,0.0,27907.569,0.0,9884.603,0.0,0.0,6355.834,13105.747,6739.812,12953.034,4307.2554,0.0,0.0,0.0,6302.779,0.0,7715.8022,8778.6699,5464.8394,0.0,0.0,0.0,0.0,0.0,0.0,0.0,0.0,0.0,0.0,0.0,0.0,0.0,0.0,0.0,0.0,0.0,0.0,0.0,0.0,0.0,0.0,0.0
50.0,0.0,0.0,0.0,0.0,0.0,0.0,0.0,0.0,0.0,0.0,0.0,0.0,0.0,0.0,0.0,0.0,0.0,0.0,0.0,0.0,0.0,0.0,0.0,0.0,0.0,0.0,0.0,0.0,0.0,0.0,0.0,0.0,0.0,0.0,0.0,0.0,0.0,0.0,0.0,0.0,0.0,0.0,0.0,47938.547,0.0,0.0,33311.4353,0.0,36424.5095,0.0,14195.451,51692.119,20486.743000000002,41695.11,10718.23,0.0,29468.682,0.0,8817.125,0.0,0.0,9164.654,0.0,0.0,0.0,0.0,12937.748,0.0,0.0,0.0,0.0,0.0,0.0,0.0,0.0,0.0,8935.15,0.0,16264.9074,0.0,0.0,0.0,0.0,0.0,0.0,8753.269,0.0,0.0,0.0,0.0,0.0,0.0,0.0,0.0,0.0,0.0,0.0,0.0,0.0,0.0,0.0
60.0,0.0,0.0,0.0,0.0,0.0,0.0,0.0,0.0,0.0,0.0,0.0,0.0,0.0,0.0,0.0,0.0,0.0,0.0,0.0,0.0,0.0,0.0,0.0,0.0,0.0,0.0,0.0,0.0,0.0,0.0,0.0,0.0,0.0,0.0,0.0,0.0,0.0,0.0,0.0,0.0,0.0,0.0,12082.717,0.0,0.0,8313.39,0.0,46580.074,0.0,49717.155,0.0,98166.70999999999,21333.545,88564.707,58479.86,925181.811,23841.73,54923.638,122800.092,0.0,0.001,35768.92,19130.934,28480.701999999997,125985.228,207774.357,33733.94,145418.23500000002,18836.992,11852.3,13786.702,0.001,0.0,110891.403,0.0,82317.695,20330.873,0.0,0.0,9551.572,0.0,0.0,0.0,0.0,9248.342,43795.9889,0.0,10017.524,0.0,13857.939,0.0,0.0,0.0,0.0,0.0,0.0,0.0,0.0,0.0,0.0,0.0
70.0,0.0,0.0,0.0,0.0,0.0,0.0,0.0,0.0,0.0,0.0,0.0,0.0,0.0,0.0,0.0,0.0,0.0,0.0,0.0,0.0,0.0,0.0,0.0,0.0,0.0,0.0,0.0,0.0,0.0,0.0,0.0,0.0,0.0,0.0,0.0,0.0,0.0,0.0,0.0,0.0,0.0,28506.56,0.0,0.0,0.0,0.0,139203.641,0.0,45905.945,205846.81,60663.74,473190.70999999996,1178461.4940000002,487517.664,1052503.06,216011.421,220017.09599999996,490817.28099999996,189586.664,99617.76,272894.079,0.0,1978425.0580000002,104473.65299999999,406549.27799999993,331697.734,549013.814,211203.622,0.0,194566.035,0.0,0.0,195603.38,83581.79,148885.088,0.0,70651.702,150034.53,0.0,88647.406,210566.613,79593.621,0.0,170839.12699999998,59032.322,0.0,50808.89,0.0,0.0,0.0,0.0,0.0,22166.73,0.0,0.0,0.0,0.0,0.0,0.0,0.0,0.0
80.0,0.0,0.0,0.0,0.0,0.0,0.0,0.0,0.0,0.0,0.0,0.0,0.0,0.0,0.0,0.0,0.0,0.0,0.0,0.0,0.0,0.0,0.0,0.0,0.0,0.0,0.0,0.0,0.0,0.0,0.0,0.0,0.0,0.0,0.0,0.0,0.0,0.0,0.0,0.0,0.0,0.0,0.0,0.0,0.0,0.0,0.0,0.0,1028133.101,0.0,635527.89,672073.25,908313.3400000001,1507603.096,554236.9199999999,1523740.1400000001,2827551.83,264212.94,1884580.1400000001,541189.255,780710.919,970526.9299999999,80634.82100000001,16132000.836,1141303.95,105167.2,745050.095,0.0,235468.64,0.0,1283358.767,0.0,0.0,2378215.56,288965.405,442927.446,367450.01,0.0,39883.63,41312.133,98967.28,279910.192,338658.605,75871.74,170996.78499999997,241033.77000000002,0.0,48192.957,99558.93,0.0,0.0,23662.223,0.0,0.0,0.0,0.0,0.0,33996.14,0.0,0.0,0.0,0.0
90.0,0.0,0.0,0.0,0.0,0.0,0.0,0.0,0.0,0.0,0.0,0.0,0.0,0.0,0.0,0.0,0.0,0.0,0.0,0.0,0.0,0.0,0.0,0.0,0.0,0.0,0.0,0.0,0.0,0.0,0.0,0.0,0.0,0.0,0.0,0.0,0.0,0.0,0.0,0.0,0.0,0.0,100107.836,0.0,0.0,191667.4,0.0,0.0,0.0,280184.56,0.0,2846884.66,407917.75,3802448.34,1024741.92,1024519.8400000001,338773.1,2137005.67,2177220.8800000004,777181.6599999999,661238.63,298052.1,2686690.3740000003,4254029.8100000005,748565.3899999999,1652013.72,5784059.989999999,1395448.88,4447490.192000001,1027640.5460000001,1391965.19,223918.85,3766107.5799999996,938440.1599999999,150480.08,204545.02,146464.16,114575.48,0.0,0.0,1054736.85,128870.65,0.0,593515.9110000001,84452.32,171599.55,0.0,167336.58,0.0,669163.72,109686.28,65062.617,0.0,0.0,0.0,0.0,0.0,0.0,0.0,0.0,0.0,0.0
100.0,0.0,0.0,0.0,0.0,0.0,0.0,0.0,0.0,0.0,0.0,0.0,0.0,0.0,0.0,0.0,0.0,0.0,0.0,0.0,0.0,0.0,0.0,0.0,0.0,0.0,0.0,0.0,0.0,0.0,0.0,0.0,0.0,0.0,0.0,0.0,0.0,0.0,0.0,0.0,0.0,0.0,0.0,0.0,299044.41000000003,98478.91,0.0,0.0,0.0,1577636.5,587773.68,857597.0,434724.81,358603.3,2738099.5,0.0,2478625.0,943403.23,2047123.98,6096207.66,0.0,184303.36,0.0,1067524.03,2316277.19,606614.7000000001,186168.81,1485896.9700000002,2779240.84,407124.6,1593754.8599999999,420276.72,131098.52,389247.03,576619.23,552602.77,795082.9299999999,0.0,200617.78399999999,725764.37,1108976.31,130707.016,211100.72,1104662.6,0.0,0.0,81018.18,1704108.31,237901.27,0.0,0.0,0.0,0.0,0.0,0.0,0.0,46440.297,0.0,0.0,131252.95,40549.46,0.0
110.0,0.0,0.0,0.0,0.0,0.0,0.0,0.0,0.0,0.0,0.0,0.0,0.0,0.0,0.0,0.0,0.0,0.0,0.0,0.0,0.0,0.0,0.0,0.0,0.0,0.0,0.0,0.0,0.0,0.0,0.0,0.0,0.0,0.0,0.0,0.0,0.0,0.0,0.0,0.0,0.0,63128.742,23378.168,138994.25,350253.78,303942.06,0.0,0.0,0.0,2585237.551,108013.2,3204010.1,0.0,1140182.23,853231.9,2792709.25,19334496.65,4836520.92,1511673.31,1613224.27,302320.38,400084.75,1048461.5599999999,6480451.39,277863.97,2085190.0799999998,5861975.83,1673012.7300000002,8163619.47,1091878.58,844134.0700000001,1039733.68,531076.1799999999,0.0,152691.52,220445.06,507535.32999999996,0.0,238957.92,1044016.89,602735.12,0.0,638588.56,1652320.1,0.0,0.0,0.0,796676.72,0.0,0.0,0.0,737955.1699999999,67806.08,0.0,0.0,0.0,0.0,0.0,0.0,0.0,0.0,0.0
120.0,0.0,0.0,0.0,0.0,0.0,0.0,0.0,0.0,0.0,0.0,0.0,0.0,0.0,0.0,0.0,0.0,0.0,0.0,0.0,0.0,0.0,0.0,0.0,0.0,0.0,0.0,0.0,0.0,0.0,0.0,0.0,0.0,0.0,0.0,0.0,0.0,0.0,0.0,0.0,0.0,0.0,0.0,0.0,0.0,0.0,0.0,0.0,0.0,100705.805,124066.52,835905.4,0.0,9824099.41,6591985.63,0.0,783109.3,2759160.0,414582.22,3076630.71,2142155.8000000003,493054.1,2060759.98,1025700.73,219834.05,2828709.6100000003,6091202.6899999995,228801.595,2699740.266,194029.95,1834916.0699999998,4660852.0,341753.39,410381.51,437149.6,156269.66,199730.12,0.0,535474.88,323958.53,398868.12,320489.45999999996,141154.88,0.0,0.0,0.0,106588.74,177547.86,0.0,0.0,0.0,966408.0179999999,393836.4,561169.5160000001,0.0,0.0,266239.80000000005,390371.36600000004,0.0,0.0,0.0,0.0
130.0,0.0,0.0,0.0,0.0,0.0,0.0,0.0,0.0,0.0,0.0,0.0,0.0,0.0,0.0,0.0,0.0,0.0,0.0,0.0,0.0,0.0,0.0,0.0,0.0,0.0,0.0,0.0,0.0,0.0,0.0,0.0,0.0,0.0,0.0,0.0,0.0,0.0,0.0,0.0,0.0,239332.23,0.0,0.0,307798.5,0.0,0.0,538792.16,0.0,0.0,0.0,970218.3,2294312.8,5426980.2,3098369.92,793965.24,1387845.3399999999,4148070.791,729075.3,2992995.53,3180576.1900000004,1878294.0,1426795.3599999999,824224.44,974048.35,2157281.5100000002,2945471.11,1441405.35,6259671.3,1151125.0,1150466.9,1567472.8200000003,235693.77,343482.4,1475975.08,1980754.1,884104.02,199185.89,0.0,544622.59,454003.91,138112.25,0.0,173423.6,0.0,0.0,139257.17,97023.016,0.0,0.0,0.0,0.0,437160.78,0.0,0.0,0.0,297954.28,0.0,0.0,0.0,0.0,0.0
140.0,0.0,0.0,0.0,0.0,0.0,0.0,0.0,0.0,0.0,0.0,0.0,0.0,0.0,0.0,0.0,0.0,0.0,0.0,0.0,0.0,0.0,0.0,0.0,0.0,0.0,0.0,0.0,0.0,0.0,0.0,0.0,0.0,0.0,0.0,0.0,0.0,0.0,0.0,0.0,0.0,0.0,0.0,0.0,0.0,423732.26999999996,0.0,0.0,0.0,204236.72,0.0,1793862.3499999999,966326.25,5777739.88,37917812.28,806815.46,313057.6,3942835.3499999996,411803.56,0.0,2270601.6,0.0,769866.1,754118.1,0.0,535970.99,904228.0700000001,1912167.3399999999,643830.7,0.0,652785.56,930781.1499999999,0.0,1068551.34,0.0,1347088.59,1182148.03,426597.76,0.0,277410.94,661977.98,0.0,455685.75,672284.86,235071.89,0.0,0.0,491971.56000000006,127542.266,0.0,0.0,0.0,0.0,0.0,310018.64,0.0,154084.27,0.0,0.0,0.0,0.0,0.0
150.0,0.0,0.0,0.0,0.0,0.0,0.0,0.0,0.0,0.0,0.0,0.0,0.0,0.0,0.0,0.0,0.0,0.0,0.0,0.0,0.0,0.0,0.0,0.0,0.0,0.0,0.0,0.0,0.0,0.0,0.0,0.0,0.0,0.0,0.0,0.0,0.0,0.0,0.0,0.0,0.0,0.0,0.0,0.0,0.0,391593.06,0.0,0.0,0.0,0.0,0.0,246943.39,0.0,0.0,0.0,0.0,0.0,1259577.15,250004.23,397980.12,878010.4600000001,246491.9,2437773.63,708077.06,1240620.44,589103.48,1367812.01,1072800.65,2547674.4800000004,285020.62,540494.49,1065308.8199999998,296107.53,3256364.22,1082894.6400000001,486126.66,311594.78,171227.81,279520.12,0.0,0.0,0.0,0.0,1399212.4,0.0,0.0,0.0,509679.37,0.0,0.0,0.0,0.0,0.0,0.0,0.0,0.0,129431.04500000001,0.0,0.0,0.0,0.0,0.0
160.0,0.0,0.0,0.0,0.0,0.0,0.0,0.0,0.0,0.0,0.0,0.0,0.0,0.0,0.0,0.0,0.0,0.0,0.0,0.0,0.0,0.0,0.0,0.0,0.0,0.0,0.0,0.0,0.0,0.0,0.0,0.0,0.0,0.0,0.0,0.0,0.0,0.0,0.0,0.0,0.0,0.0,0.0,0.0,0.0,0.0,0.0,0.0,0.0,0.0,0.0,0.0,0.0,0.0,0.0,0.0,0.0,6538442.180000001,0.0,1495816.0499999998,1508776.91,0.0,1075773.76,0.0,0.0,4995523.49,0.0,575692.1,2521264.3,1649701.17,203596.8,481401.06,297998.78,1352970.6600000001,396312.11,651639.01,206627.95,0.0,225187.22,257261.34999999998,192238.47,180931.28,0.0,2017629.42,969360.247,85902.55,0.0,0.0,70008.09,0.0,0.0,0.0,0.0,0.0,0.0,0.0,242410.83,84372.34,0.0,0.0,0.0,0.0
170.0,0.0,0.0,0.0,0.0,0.0,0.0,0.0,0.0,0.0,0.0,0.0,0.0,0.0,0.0,0.0,0.0,0.0,0.0,0.0,0.0,0.0,0.0,0.0,0.0,0.0,0.0,0.0,0.0,0.0,0.0,0.0,0.0,0.0,0.0,0.0,0.0,0.0,0.0,0.0,0.0,0.0,0.0,0.0,0.0,0.0,0.0,0.0,0.0,0.0,0.0,0.0,0.0,294833.34,0.0,287215.3,269938.03,2806795.1399999997,2778585.8,1076383.61,0.0,170836.14,1179486.33,0.0,0.0,394653.11,715947.6499999999,429516.44,614430.86,1295543.49,292471.75,1277193.03,326266.53,500916.52999999997,732654.1,307201.72,1421254.96,229354.64,852075.27,81811.875,0.0,0.0,0.0,448976.66,382541.45,327769.35,188331.59,0.0,178655.38,0.0,0.0,0.0,0.0,0.0,0.0,0.0,0.0,0.0,0.0,0.0,0.0,0.0
180.0,0.0,0.0,0.0,0.0,0.0,0.0,0.0,0.0,0.0,0.0,0.0,0.0,0.0,0.0,0.0,0.0,0.0,0.0,0.0,0.0,0.0,0.0,0.0,0.0,0.0,0.0,0.0,0.0,0.0,0.0,0.0,0.0,0.0,0.0,0.0,0.0,0.0,0.0,0.0,0.0,0.0,0.0,0.0,0.0,0.0,0.0,0.0,0.0,0.0,0.0,0.0,0.0,0.0,364673.84,182431.16,552599.9,411911.28,1022644.8,1012795.05,1856197.87,6459957.0,0.0,208241.27,0.0,0.0,601894.31,0.0,1281150.63,2196686.87,152031.83,0.0,195383.62,531163.794,0.0,0.0,531831.2,0.0,217200.8,763480.685,0.0,294305.34,0.0,0.0,0.0,77556.27,0.0,0.0,130869.46,0.0,0.0,0.0,0.0,0.0,0.0,0.0,120754.01,0.0,0.0,153779.2,0.0,0.0
190.0,0.0,0.0,0.0,0.0,0.0,0.0,0.0,0.0,0.0,0.0,0.0,0.0,0.0,0.0,0.0,0.0,0.0,0.0,0.0,0.0,0.0,0.0,0.0,0.0,0.0,0.0,0.0,0.0,0.0,0.0,0.0,0.0,0.0,0.0,0.0,0.0,0.0,0.0,0.0,0.0,0.0,0.0,0.0,0.0,0.0,0.0,0.0,0.0,0.0,0.0,0.0,0.0,0.0,146379.47,0.0,0.0,0.0,0.0,0.0,971092.75,162815.38,0.0,0.0,426529.16,852894.98,496118.925,0.0,610052.5700000001,0.0,554922.42,1929281.25,396663.7,517505.16000000003,0.0,0.0,174665.22,0.0,0.0,1661042.01,0.0,1038180.2000000001,179234.94,0.0,410420.97,681677.7670000001,178313.83500000002,0.0,0.0,167022.1,44992.273,0.0,0.0,0.0,0.0,0.0,289992.44,0.0,272920.73,0.0,0.0,0.0
200.0,0.0,0.0,0.0,0.0,0.0,0.0,0.0,0.0,0.0,0.0,0.0,0.0,0.0,0.0,0.0,0.0,0.0,0.0,0.0,0.0,0.0,0.0,0.0,0.0,0.0,0.0,0.0,0.0,0.0,0.0,0.0,0.0,0.0,0.0,0.0,0.0,0.0,0.0,0.0,0.0,0.0,0.0,0.0,0.0,0.0,0.0,0.0,0.0,0.0,0.0,130535.18,0.0,0.0,59805092.72,229317.42,0.0,147892.39,182790.97,129861.91,286023.75,7966956.5600000005,0.0,0.0,133344.58,121967.15,832328.5800000001,687492.75,2151935.4200000004,155050.78,360289.18,389166.4,0.0,223621.81,2751371.4699999997,79988.19,304459.70499999996,356646.644,51225.46,131197.5,242805.67,0.0,140179.211,481820.971,400112.865,359396.06,118777.875,52224.94,41376.188,0.0,0.0,0.0,74763.7,0.0,0.0,0.0,179910.27,0.0,0.0,0.0,0.0,0.0
210.0,0.0,0.0,0.0,0.0,0.0,0.0,0.0,0.0,0.0,0.0,0.0,0.0,0.0,0.0,0.0,0.0,0.0,0.0,0.0,0.0,0.0,0.0,0.0,0.0,0.0,0.0,0.0,0.0,0.0,0.0,0.0,0.0,0.0,0.0,0.0,0.0,0.0,0.0,0.0,0.0,0.0,0.0,0.0,0.0,0.0,0.0,0.0,0.0,0.0,0.0,0.0,0.0,0.0,137530.4,84513.68,550643.9,206914.02,0.0,151700.58,635711.49,140129.89,0.0,303488.57999999996,191945.84,171020.98,0.0,183622.92,1931760.1,274601.03,706976.18,100374.87,512257.33999999997,643058.31,718956.33,289108.31,134834.97,737557.0599999999,0.0,110853.02,1201758.456,118519.734,0.0,1150409.0400000003,313820.44,31064.285,0.0,76141.89,0.0,189890.837,0.0,69127.3007,0.0,0.0,0.0,0.0,183022.08,56784.367,0.0,0.0,0.0,0.0
220.0,0.0,0.0,0.0,0.0,0.0,0.0,0.0,0.0,0.0,0.0,0.0,0.0,0.0,0.0,0.0,0.0,0.0,0.0,0.0,0.0,0.0,0.0,0.0,0.0,0.0,0.0,0.0,0.0,0.0,0.0,0.0,0.0,0.0,0.0,0.0,0.0,0.0,0.0,0.0,0.0,0.0,0.0,0.0,0.0,0.0,0.0,0.0,0.0,0.0,0.0,0.0,0.0,1076388.8,436876.07999999996,0.0,199921.36,306423.7,0.0,124151.66,4133287.1500000004,0.0,0.0,0.0,0.0,456586.48,0.0,0.0,2540134.01,657826.0900000001,762547.98,0.0,125529.17,434041.66000000003,1092024.88,0.0,0.0,336518.2,0.0,172363.94,0.0,0.0,0.0,67062.74,261088.92,180816.78600000002,0.0,252053.25,0.0,394148.828,83060.56,0.0,0.0,0.0,0.0,63809.98,70116.722,187270.696,0.0,0.0,0.0,0.0
230.0,0.0,0.0,0.0,0.0,0.0,0.0,0.0,0.0,0.0,0.0,0.0,0.0,0.0,0.0,0.0,0.0,0.0,0.0,0.0,0.0,0.0,0.0,0.0,0.0,0.0,0.0,0.0,0.0,0.0,0.0,0.0,0.0,0.0,0.0,0.0,0.0,0.0,0.0,0.0,0.0,0.0,0.0,0.0,0.0,0.0,0.0,0.0,0.0,0.0,0.0,0.0,6612227.41,0.0,396938.64,340159.75,503952.09,0.0,136339.61,145366.69,0.0,5523740.28,2231846.91,122182.81,0.0,0.0,0.0,168549.36,893920.79,172892.2,159896.7,128725.086,0.0,115953.13,843810.345,5569689.08,0.0,121776.91,840475.3389999999,0.0,346509.21,0.0,0.0,197778.22999999998,0.0,0.0,0.0,0.0,0.0,107883.72,34101.98,67110.09,0.0,0.0,62887.57,94544.705,50297.234,0.0,0.0,0.0,0.0,0.0
240.0,0.0,0.0,0.0,0.0,0.0,0.0,0.0,0.0,0.0,0.0,0.0,0.0,0.0,0.0,0.0,0.0,0.0,0.0,0.0,0.0,0.0,0.0,0.0,0.0,0.0,0.0,0.0,0.0,0.0,0.0,0.0,0.0,0.0,0.0,0.0,0.0,0.0,0.0,0.0,0.0,0.0,0.0,0.0,0.0,0.0,0.0,0.0,0.0,0.0,0.0,0.0,644713.06,0.0,0.0,119983.94,684297.63,262652.75,226454.96999999997,0.0,656518.4299999999,0.0,0.0,0.0,875240.27,616065.25,0.0,140747.02,409996.38,100291.664,163213.84,654849.38,201010.98,0.0,1182587.6800000002,0.0,0.0,0.0,1074705.76,81508.29,0.0,59495.184,0.0,0.0,0.0,0.0,0.0,0.0,41969.42,152146.92,132991.03,576869.85,0.0,0.0,0.0,65979.36,0.0,0.0,0.0,0.0,126926.71,0.0
250.0,0.0,0.0,0.0,0.0,0.0,0.0,0.0,0.0,0.0,0.0,0.0,0.0,0.0,0.0,0.0,0.0,0.0,0.0,0.0,0.0,0.0,0.0,0.0,0.0,0.0,0.0,0.0,0.0,0.0,0.0,0.0,0.0,0.0,0.0,0.0,0.0,0.0,0.0,0.0,0.0,0.0,0.0,0.0,0.0,0.0,0.0,0.0,0.0,0.0,0.0,0.0,0.0,0.0,0.0,0.0,977175.394,0.0,200207.64,0.0,3709929.31,0.0,0.001,180688.78,0.0,214781.426,595657.57,0.0,150199.3,0.0,349033.44,0.0,191946.05,488965.74,665786.72,741861.01,217440.66,0.0,0.0,0.0,1808114.81,0.0,0.0,0.0,0.0,103837.53,0.0,0.0,0.0,70152.68,78936.22,63083.992,0.0,0.0,0.0,0.0,142041.52000000002,0.0,0.0,0.0,0.0,0.0
260.0,0.0,0.0,0.0,0.0,0.0,0.0,0.0,0.0,0.0,0.0,0.0,0.0,0.0,0.0,0.0,0.0,0.0,0.0,0.0,0.0,0.0,0.0,0.0,0.0,0.0,0.0,0.0,0.0,0.0,0.0,0.0,0.0,0.0,0.0,0.0,0.0,0.0,0.0,0.0,0.0,0.0,0.0,0.0,0.0,0.0,341831.25,0.0,0.0,0.0,0.0,0.0,2226256.59,376936.94,0.0,0.0,0.0,0.0,0.0,266682.34,224519.05,373541.72,0.0,820653.1599999999,0.0,746219.72,0.0,0.0,752820.15,1439227.0299999998,561542.4,0.0,378629.03,204966.72,0.0,0.0,0.0,0.0,0.0,0.0,0.0,0.0,0.0,105883.74,0.0,0.0,322032.53,0.0,0.0,0.0,0.0,0.0,0.0,0.0,0.0,0.0,0.0,59759.074,0.0,0.0,0.0,0.0
270.0,0.0,0.0,0.0,0.0,0.0,0.0,0.0,0.0,0.0,0.0,0.0,0.0,0.0,0.0,0.0,0.0,0.0,0.0,0.0,0.0,0.0,0.0,0.0,0.0,0.0,0.0,0.0,0.0,0.0,0.0,0.0,0.0,0.0,0.0,0.0,0.0,0.0,0.0,0.0,0.0,0.0,0.0,0.0,0.0,0.0,0.0,0.0,0.0,0.0,0.0,269799.47,0.0,0.0,0.0,0.0,645162.94,0.0,217574.83,415228.7,584187.9,1687609.2799999998,1843877.38,0.0,546136.1,238371.14,267304.12,449824.56,0.0,243330.83,459758.51,0.0,946342.0399999999,0.0,344692.66,0.0,0.0,806939.12,183831.36,0.0,252990.03,688105.5900000001,0.0,0.0,984768.08,0.0,0.0,0.0,0.0,0.0,0.0,0.0,0.0,0.0,0.0,0.0,0.0,0.0,0.0,0.0,0.0,0.0
280.0,0.0,0.0,0.0,0.0,0.0,0.0,0.0,0.0,0.0,0.0,0.0,0.0,0.0,0.0,0.0,0.0,0.0,0.0,0.0,0.0,0.0,0.0,0.0,0.0,0.0,0.0,0.0,0.0,0.0,0.0,0.0,0.0,0.0,0.0,0.0,0.0,0.0,0.0,0.0,0.0,0.0,0.0,0.0,0.0,0.0,0.0,0.0,162987.55,0.0,0.0,0.0,0.0,0.0,0.0,328728.28,0.0,0.0,2880582.7899999996,1097022.57,749073.6699999999,573208.17,0.0,669690.3,462100.4,640024.76,281872.34,155705.72,277876.78,489963.34,609815.23,0.0,0.0,0.0,0.0,285311.3,190312.77,3119068.3600000003,544960.4400000001,258666.69,363622.9,0.0,0.0,231380.11,0.0,0.0,0.0,0.0,109288.164,84477.81,0.0,0.0,74813.21,0.0,94804.17,0.0,41145.2,75815.06,0.0,0.0,0.0,0.0
290.0,0.0,0.0,0.0,0.0,0.0,0.0,0.0,0.0,0.0,0.0,0.0,0.0,0.0,0.0,0.0,0.0,0.0,0.0,0.0,0.0,0.0,0.0,0.0,0.0,0.0,0.0,0.0,0.0,0.0,0.0,0.0,0.0,0.0,0.0,0.0,0.0,0.0,0.0,0.0,0.0,0.0,0.0,0.0,0.0,0.0,0.0,0.0,0.0,81269.805,0.0,0.0,0.0,0.0,111107.04,0.0,0.0,0.0,244015.05,0.0,0.0,0.0,112444.71,0.0,2339354.5,0.0,0.0,255834.89,133305.05,8169328.5,0.0,0.0,1516393.04,157682.03999999998,0.0,303257.25,540905.87,84738.734,0.0,0.0,1326624.36,345160.685,333604.32,77750.9,443942.107,74256.63,88028.234,305937.85199999996,0.0,71057.55,218463.904,413056.9,0.0,18295.654,0.0,0.0,0.0,0.0,46667.777,0.0,0.0,0.0
300.0,0.0,0.0,0.0,0.0,0.0,0.0,0.0,0.0,0.0,0.0,0.0,0.0,0.0,0.0,0.0,0.0,0.0,0.0,0.0,0.0,0.0,0.0,0.0,0.0,0.0,0.0,0.0,0.0,0.0,0.0,0.0,0.0,0.0,0.0,0.0,0.0,0.0,0.0,0.0,0.0,0.0,0.0,0.0,0.0,0.0,66614.58,0.0,0.0,0.0,0.0,0.0,80490.9,0.0,155253.62900000002,0.0,203423.41999999998,0.0,155952.673,0.0,359490.54000000004,644584.21,0.0,223226.95,0.0,91306.94,0.0,0.0,0.0,0.0,76834.76,0.0,186622.98,221897.496,248497.05,457462.88999999996,91532.086,213308.56,151817.763,0.0,51054.92,1037957.532,0.0,0.0,83941.44,93157.04800000001,0.0,292599.05,0.0,0.0,0.0,0.0,15936.139,0.0,0.0,0.0,0.0,0.0,222056.6,0.0,0.0,0.0
310.0,0.0,0.0,0.0,0.0,0.0,0.0,0.0,0.0,0.0,0.0,0.0,0.0,0.0,0.0,0.0,0.0,0.0,0.0,0.0,0.0,0.0,0.0,0.0,0.0,0.0,0.0,0.0,0.0,0.0,0.0,0.0,0.0,0.0,0.0,0.0,0.0,0.0,0.0,0.0,0.0,0.0,0.0,81571.36,0.0,0.0,0.0,0.0,0.0,0.0,0.0,0.0,48756.676,586894.25,0.0,89942.914,0.0,457657.8,0.0,0.0,0.0,0.0,40842.53,0.0,42070.85,44967.51,257382.31100000005,0.0,146438.18,331474.6,0.0,116406.99,447394.67199999996,85727.164,0.0,149797.903,77674.117,44956.27,211574.658,196965.195,0.0,28872.975,0.0,0.0,0.0,0.0,0.0,174412.682,521093.56700000004,0.0,0.0,59687.387,0.0,54555.562,0.0,0.0,0.0,0.0,0.0,0.0,0.0,0.0
320.0,0.0,0.0,0.0,0.0,0.0,0.0,0.0,0.0,0.0,0.0,0.0,0.0,0.0,0.0,0.0,0.0,0.0,0.0,0.0,0.0,0.0,0.0,0.0,0.0,0.0,0.0,0.0,0.0,0.0,0.0,0.0,0.0,0.0,0.0,0.0,0.0,0.0,0.0,0.0,0.0,0.0,0.0,0.0,0.0,0.0,0.0,0.0,0.0,0.0,0.0,0.0,0.0,0.0,0.0,0.0,0.0,0.0,0.0,35475.457,26564.277,24140.611,0.0,94680.2,45792.525,62782.902,106916.05900000001,0.0,87405.664,0.0,0.0,95025.73,0.0,0.0,71178.29,0.0,0.0,66986.654,24569.816,0.0,0.0,0.0,0.0,0.0,18540.316,0.0,0.0,82476.06,148733.447,9692.411,75153.66,0.0,0.0,0.0,0.0,0.0,0.0,0.0,0.0,0.0,0.0,0.0
330.0,0.0,0.0,0.0,0.0,0.0,0.0,0.0,0.0,0.0,0.0,0.0,0.0,0.0,0.0,0.0,0.0,0.0,0.0,0.0,0.0,0.0,0.0,0.0,0.0,0.0,0.0,0.0,0.0,0.0,0.0,0.0,0.0,0.0,0.0,0.0,0.0,0.0,0.0,0.0,0.0,0.0,0.0,76702.164,0.0,0.0,0.0,0.0,0.0,0.0,26024.045,0.0,0.0,9916.031,11937.564,89168.25,0.0,45549.613,0.0,19368.205,16236.7,51656.958,25661.629,0.0,0.0,0.0,54232.312,0.0,0.0,0.0,0.0,10244.428,30955.307,36881.701,40710.452000000005,23034.105,0.0,0.0,22249.97,0.0,0.0,0.0,0.0,0.0,204641.44,0.0,0.0,0.0,54720.258,0.0,0.0,0.0,0.0,0.0,0.0,0.0,3079.4714,0.0,0.0,0.0,0.0,0.0
340.0,0.0,0.0,0.0,0.0,0.0,0.0,0.0,0.0,0.0,0.0,0.0,0.0,0.0,0.0,0.0,0.0,0.0,0.0,0.0,0.0,0.0,0.0,0.0,0.0,0.0,0.0,0.0,0.0,0.0,0.0,0.0,0.0,0.0,0.0,0.0,0.0,0.0,0.0,0.0,0.0,0.0,0.0,0.0,0.0,0.0,0.0,0.0,0.0,0.0,0.0,0.0,0.0,0.0,0.0,0.0,0.0,0.0,0.0,0.0,0.0,0.0,0.0,0.0,0.0,0.0,0.0,0.0,0.0,0.0,0.0,0.0,0.0,0.0,0.0,0.0,0.0,0.0,0.0,0.0,0.0,0.0,0.0,0.0,0.0,0.0,0.0,0.0,0.0,0.0,0.0,0.0,0.0,0.0,0.0,0.0,0.0,0.0,0.0,0.0,0.0,0.0
