FullRunName,Age_Days,Strain,Diet,Sex,EarTag,RunDate,RunTime,digestion_batch,MS_batch,DateTime,order
I170925_BXD66_HF_ET1560_SW_Run001,367,BXD66,HF,F,ET1560,Oct_05,18:35:00,1,Batch_1,2023-10-05T22:35:00Z,1
I170925_BXD101_CD_ET1424_SW_Run002,349,BXD101,CD,F,ET1424,Oct_05,20:12:00,1,Batch_1,2023-10-06T00:12:00Z,2
I170925_BXD63_HF_ET1715_SW_Run003,186,BXD63,HF,F,ET1715,Oct_05,21:50:00,1,Batch_1,2023-10-06T01:50:00Z,3
I170925_BXD61_HF_ET1721_SW_Run004,188,BXD61,HF,F,ET1721,Oct_05,23:28:00,1,Batch_1,2023-10-06T03:28:00Z,4
I170925_BXD61_CD_ET1725_SW_Run005,188,BXD61,CD,F,ET1725,Oct_06,01:51:00,1,Batch_1,2023-10-06T05:51:00Z,5
I170925_BXD65b_HF_ET1707_SW_Run006,187,BXD65b,HF,F,ET1707,Oct_06,03:29:00,1,Batch_1,2023-10-06T07:29:00Z,6
I170925_BXD102_HF_ET1365_SW_Run007,351,BXD102,HF,M,ET1365,Oct_06,05:07:00,1,Batch_1,2023-10-06T09:07:00Z,7
I170925_BXD65b_CD_ET1710_SW_Run008,187,BXD65b,CD,F,ET1710,Oct_06,06:45:00,1,Batch_1,2023-10-06T10:45:00Z,8
I170925_BXD29_HF_ET1037_SW_Run009,630,BXD29,HF,F,ET1037,Oct_06,09:07:00,1,Batch_1,2023-10-06T13:07:00Z,9
I170925_BXD101_CD_ET1425_SW_Run010,349,BXD101,CD,F,ET1425,Oct_06,10:45:00,1,Batch_1,2023-10-06T14:45:00Z,10
I170925_BXD48a_CD_ET1189_SW_Run011,604,BXD48a,CD,F,ET1189,Oct_06,12:23:00,1,Batch_1,2023-10-06T16:23:00Z,11
I170925_DBA2J_CD_ET1818_SW_Run012,764,DBA2J,CD,F,ET1818,Oct_06,14:01:00,1,Batch_1,2023-10-06T18:01:00Z,12
I171006_BXD32_CD_ET2494_SW_Run013,386,BXD32,CD,F,ET2494,Oct_06,16:24:00,1,Batch_1,2023-10-06T20:24:00Z,13
I171006_BXD39_HF_ET1474_SW_Run014,350,BXD39,HF,F,ET1474,Oct_06,18:02:00,1,Batch_1,2023-10-06T22:02:00Z,14
I171006_BXD63_CD_ET1417_SW_Run015,344,BXD63,CD,F,ET1417,Oct_06,19:39:00,1,Batch_1,2023-10-06T23:39:00Z,15
I171006_BXD63_HF_ET1416_SW_Run016,344,BXD63,HF,F,ET1416,Oct_06,22:02:00,1,Batch_1,2023-10-07T02:02:00Z,16
I171006_BXD32_CD_ET2495_SW_Run017,386,BXD32,CD,F,ET2495,Oct_06,23:40:00,1,Batch_1,2023-10-07T03:40:00Z,17
I171006_BXD24_HF_ET2259_SW_Run018,688,BXD24,HF,F,ET2259,Oct_07,01:18:00,1,Batch_1,2023-10-07T05:18:00Z,18
I171006_BXD63_CD_ET1414_SW_Run019,344,BXD63,CD,F,ET1414,Oct_07,03:40:00,1,Batch_1,2023-10-07T07:40:00Z,19
I171006_B6D2F1_CD_ET1227_SW_Run020,640,B6D2F1,CD,F,ET1227,Oct_07,05:18:00,1,Batch_1,2023-10-07T09:18:00Z,20
I171006_BXD53_HF_ET836_SW_Run021,713,BXD53,HF,F,ET836,Oct_07,06:56:00,1,Batch_1,2023-10-07T10:56:00Z,21
I171006_48a_HF_ET1772_SW_Run022,597,BXD48a,HF,F,ET1772,Oct_07,09:19:00,1,Batch_1,2023-10-07T13:19:00Z,22
I171006_BXD53_HF_ET833_SW_Run023,713,BXD53,HF,F,ET833,Oct_07,10:57:00,1,Batch_1,2023-10-07T14:57:00Z,23
I171006_BXD63_CD_ET1872_SW_Run024,751,BXD63,CD,F,ET1872,Oct_07,12:35:00,1,Batch_1,2023-10-07T16:35:00Z,24
I171006_BXD69_CD_ET1850_SW_Run025,785,BXD69,CD,F,ET1850,Oct_07,14:57:00,1,Batch_1,2023-10-07T18:57:00Z,25
I171006_BXD73_CD_ET1860_SW_Run026,759,BXD73,CD,F,ET1860,Oct_07,16:35:00,1,Batch_1,2023-10-07T20:35:00Z,26
I171006_BXD44_HF_ET1687_SW_Run027,174,BXD44,HF,F,ET1687,Oct_07,18:13:00,1,Batch_1,2023-10-07T22:13:00Z,27
I171007_BXD87_CD_ET2498_SW_Run028,393,BXD87,CD,F,ET2498,Oct_07,20:36:00,1,Batch_1,2023-10-08T00:36:00Z,28
I171007_BXD63_HF_ET2091_SW_Run029,752,BXD63,HF,F,ET2091,Oct_07,22:14:00,1,Batch_1,2023-10-08T02:14:00Z,29
I171007_BXD102_HF_ET1366_SW_Run030,351,BXD102,HF,M,ET1366,Oct_07,23:52:00,1,Batch_1,2023-10-08T03:52:00Z,30
I171007_BXD29_CD_ET1044_SW_Run031,724,BXD29,CD,F,ET1044,Oct_08,02:14:00,1,Batch_1,2023-10-08T06:14:00Z,31
I171007_BXD45_CD_ET1762_SW_Run033,384,BXD45,CD,F,ET1762,Oct_08,05:30:00,1,Batch_1,2023-10-08T09:30:00Z,32
I171007_BXD90_CD_ET1096_SW_Run034,732,BXD90,CD,F,ET1096,Oct_08,07:52:00,1,Batch_1,2023-10-08T11:52:00Z,33
I171007_B6D2F1_CD_ET1568_SW_Run035,552,B6D2F1,CD,F,ET1568,Oct_08,09:30:00,1,Batch_1,2023-10-08T13:30:00Z,34
I171007_BXD44_HF_ET1501_SW_Run036,379,BXD44,HF,F,ET1501,Oct_08,11:08:00,1,Batch_1,2023-10-08T15:08:00Z,35
I171007_BXD62_CD_ET1478_SW_Run037,376,BXD62,CD,F,ET1478,Oct_08,13:31:00,1,Batch_1,2023-10-08T17:31:00Z,36
I171007_BXD44_CD_ET1505_SW_Run038,379,BXD44,CD,F,ET1505,Oct_08,15:09:00,1,Batch_1,2023-10-08T19:09:00Z,37
I171007_C57BL6_CD_ET1590_SW_Run039,361,C57BL6J,CD,M,ET1590,Oct_08,16:47:00,1,Batch_1,2023-10-08T20:47:00Z,38
I171007_BXD29_CD_ET1045_SW_Run040,724,BXD29,CD,F,ET1045,Oct_08,19:09:00,1,Batch_1,2023-10-08T23:09:00Z,39
I171007_BXD39_CD_ET673_SW_Run041,730,BXD39,CD,F,ET673,Oct_08,20:47:00,1,Batch_1,2023-10-09T00:47:00Z,40
I171008_BXD39_CD_ET675_SW_Run042,730,BXD39,CD,F,ET675,Oct_08,23:10:00,1,Batch_1,2023-10-09T03:10:00Z,41
I171008_B6D2F1_CD_ET1569_SW_Run043,552,B6D2F1,CD,F,ET1569,Oct_09,00:48:00,1,Batch_1,2023-10-09T04:48:00Z,42
I171008_B6D2F1_HF_ET1230_SW_Run044,726,B6D2F1,HF,F,ET1230,Oct_09,02:25:00,1,Batch_1,2023-10-09T06:25:00Z,43
I171008_BXD44_HF_ET1502_SW_Run045,379,BXD44,HF,F,ET1502,Oct_09,04:48:00,1,Batch_1,2023-10-09T08:48:00Z,44
I171008_BXD45_CD_ET1391_SW_Run046,384,BXD45,CD,F,ET1391,Oct_09,06:26:00,1,Batch_1,2023-10-09T10:26:00Z,45
I171008_B6D2F1_CD_ET1228_SW_Run047,726,B6D2F1,CD,F,ET1228,Oct_09,08:04:00,1,Batch_1,2023-10-09T12:04:00Z,46
I171008_BXD34_CD_ET1054_SW_Run048,201,BXD34,CD,F,ET1054,Oct_09,10:26:00,1,Batch_1,2023-10-09T14:26:00Z,47
I171008_BXD34_CD_ET765_SW_Run049,554,BXD34,CD,F,ET765,Oct_09,12:04:00,1,Batch_1,2023-10-09T16:04:00Z,48
I171009_BXD34_CD_ET766_SW_Run051,554,BXD34,CD,F,ET766,Oct_09,19:14:00,1,Batch_1,2023-10-09T23:14:00Z,49
I171009_BXD34_CD_ET1048_SW_Run052,209,BXD34,CD,F,ET1048,Oct_09,20:52:00,1,Batch_1,2023-10-10T00:52:00Z,50
I171009_BXD70_HF_ET1509_SW_Run053,357,BXD70,HF,F,ET1509,Oct_10,15:36:00,1,Batch_1,2023-10-10T19:36:00Z,51
I171009_BXD75_HF_ET1561_SW_Run054,367,BXD75,HF,F,ET1561,Oct_10,17:14:00,1,Batch_1,2023-10-10T21:14:00Z,52
I171009_BXD24_CD_ET1792_SW_Run055,205,BXD24,CD,F,ET1792,Oct_10,18:52:00,1,Batch_1,2023-10-10T22:52:00Z,53
I171009_BXD50_HF_ET1774_SW_Run056,361,BXD50,HF,F,ET1774,Oct_10,21:14:00,1,Batch_1,2023-10-11T01:14:00Z,54
I171009_BXD24_CD_ET1791_SW_Run058,205,BXD24,CD,F,ET1791,Oct_11,00:30:00,1,Batch_1,2023-10-11T04:30:00Z,55
I171009_DBA2J_HF_ET1132_SW_Run059,549,DBA2J,HF,M,ET1132,Oct_11,02:52:00,1,Batch_1,2023-10-11T06:52:00Z,56
I171009_BXD70_HF_ET1508_SW_Run060,357,BXD70,HF,F,ET1508,Oct_11,04:30:00,1,Batch_1,2023-10-11T08:30:00Z,57
I171009_BXD102_HF_ET1498_SW_Run061,366,BXD102,HF,F,ET1498,Oct_11,06:08:00,1,Batch_1,2023-10-11T10:08:00Z,58
I171009_BXD73_CD_ET1451_SW_Run062,361,BXD73,CD,F,ET1451,Oct_11,08:31:00,1,Batch_1,2023-10-11T12:31:00Z,59
I171009_BXD39_HF_1473_SW_Run063,350,BXD39,HF,F,ET1473,Oct_11,10:09:00,1,Batch_1,2023-10-11T14:09:00Z,60
I171009_BXD73_HF_ET1447_SW_Run064,361,BXD73,HF,F,ET1447,Oct_11,11:47:00,1,Batch_1,2023-10-11T15:47:00Z,61
I171009_BXD62_ET1436_SW_Run065,353,BXD62,CD,F,ET1436,Oct_11,14:09:00,1,Batch_1,2023-10-11T18:09:00Z,62
I171010_DBA2J_HF_ET1131_SW_Run066,549,DBA2J,HF,M,ET1131,Oct_11,15:47:00,1,Batch_1,2023-10-11T19:47:00Z,63
I171010_BXD102_HF_ET1497_SW_Run067,366,BXD102,HF,F,ET1497,Oct_11,17:25:00,1,Batch_1,2023-10-11T21:25:00Z,64
I171010_BXD70_CD_ET1512_SW_Run068,357,BXD70,CD,F,ET1512,Oct_11,19:47:00,1,Batch_1,2023-10-11T23:47:00Z,65
I171010_BXD50_HF_ET1919_SW_Run069,361,BXD50,HF,F,ET1919,Oct_11,21:25:00,1,Batch_1,2023-10-12T01:25:00Z,66
I171010_BXD40_HF_ET1593_SW_Run070,358,BXD40,HF,F,ET1593,Oct_11,23:03:00,1,Batch_1,2023-10-12T03:03:00Z,67
I171010_BXD75_HF_ET1562_SW_Run071,367,BXD75,HF,F,ET1562,Oct_12,01:26:00,1,Batch_1,2023-10-12T05:26:00Z,68
I171010_BXD40_CD_ET680_SW_Run072,578,BXD40,CD,F,ET680,Oct_12,03:04:00,1,Batch_1,2023-10-12T07:04:00Z,69
I171010_BXD9_HF_ET370_SW_Run073,347,BXD9,HF,F,ET370,Oct_12,04:42:00,1,Batch_1,2023-10-12T08:42:00Z,70
I171010_BXD27_HF_ET2434_SW_Run074,387,BXD27,HF,F,ET2434,Oct_12,13:53:00,1,Batch_1,2023-10-12T17:53:00Z,71
I171010_D2B6F1_CD_ET1169_SW_Run075,370,D2B6F1,CD,F,ET1169,Oct_12,15:31:00,1,Batch_1,2023-10-12T19:31:00Z,72
I171010_BXD34_CD_ET288_SW_Run076,748,BXD34,CD,F,ET288,Oct_12,17:09:00,1,Batch_1,2023-10-12T21:09:00Z,73
I171010_BXD44_CD_ET1504_SW_Run077,379,BXD44,CD,F,ET1504,Oct_12,19:31:00,1,Batch_1,2023-10-12T23:31:00Z,74
I171010_DBA2J_HF_ET1142_SW_Run078,549,DBA2J,HF,F,ET1142,Oct_12,21:09:00,1,Batch_1,2023-10-13T01:09:00Z,75
I171010_BXD98_CD_ET1524_SW_Run079,384,BXD98,CD,F,ET1524,Oct_12,22:47:00,1,Batch_1,2023-10-13T02:47:00Z,76
I171012_DBA2J_HF_ET1141_SW_Run080,544,DBA2J,HF,M,ET1141,Oct_13,02:47:00,1,Batch_1,2023-10-13T06:47:00Z,77
I171012_D2B6F1_HF_ET1442_SW_Run081,367,D2B6F1,HF,F,ET1442,Oct_13,04:25:00,1,Batch_1,2023-10-13T08:25:00Z,78
I171012_DBA2J_HF_ET1140_SW_Run082,544,DBA2J,HF,M,ET1140,Oct_13,06:03:00,1,Batch_1,2023-10-13T10:03:00Z,79
I171012_BXD90_HF_ET736_SW_Run083,570,BXD90,HF,F,ET736,Oct_13,08:26:00,1,Batch_1,2023-10-13T12:26:00Z,80
I171012_C57BL6J_HF_ET1254_SW_Run084,363,C57BL6J,HF,M,ET1254,Oct_13,10:04:00,1,Batch_1,2023-10-13T14:04:00Z,81
I171012_D2B6F1_CD_ET1160_SW_Run085,397,D2B6F1,CD,M,ET1160,Oct_13,11:42:00,1,Batch_1,2023-10-13T15:42:00Z,82
I171012_BXD40_CD_ET1057_SW_Run086,362,BXD40,CD,F,ET1057,Oct_13,14:04:00,2,Batch_1,2023-10-13T18:04:00Z,83
I171012_BXD34_CD_ET273_SW_Run087,361,BXD34,CD,F,ET273,Oct_13,15:42:00,2,Batch_1,2023-10-13T19:42:00Z,84
I171013_BXD32_HF_ET1137_Run088,539,BXD32,HF,F,ET1137,Oct_14,07:49:00,3,Batch_2,2023-10-14T11:49:00Z,85
I171013_BXD61_CD_ET1841_Run089,524,BXD61,CD,F,ET1841,Oct_14,11:56:00,3,Batch_2,2023-10-14T15:56:00Z,86
I171013_BXD65_CD_ET1787_Run090,541,BXD65,CD,F,ET1787,Oct_14,13:34:00,3,Batch_2,2023-10-14T17:34:00Z,87
I171013_BXD77_HF_ET1866_Run091,511,BXD77,HF,F,ET1866,Oct_14,15:12:00,3,Batch_2,2023-10-14T19:12:00Z,88
I171013_BXD34_HF_ET1052_Run092,537,BXD34,HF,F,ET1052,Oct_14,17:34:00,3,Batch_2,2023-10-14T21:34:00Z,89
I171013_BXD65b_CD_ET2108_Run093,748,BXD65b,CD,F,ET2108,Oct_14,19:12:00,3,Batch_2,2023-10-14T23:12:00Z,90
I171013_BXD90_CD_ET1702_Run094,188,BXD90,CD,F,ET1702,Oct_14,20:50:00,3,Batch_2,2023-10-15T00:50:00Z,91
I171013_BXD40_CD_ET1691_Run095,180,BXD40,CD,F,ET1691,Oct_14,23:13:00,3,Batch_2,2023-10-15T03:13:00Z,92
I171013_BXD45_HF_ET1831_Run096,503,BXD45,HF,F,ET1831,Oct_15,00:51:00,3,Batch_2,2023-10-15T04:51:00Z,93
I171013_BXD61_HF_ET1843_Run097,524,BXD61,HF,F,ET1843,Oct_15,02:29:00,3,Batch_2,2023-10-15T06:29:00Z,94
I171013_BXD65b_HF_ET1790_Run098,527,BXD65b,HF,F,ET1790,Oct_15,04:51:00,3,Batch_2,2023-10-15T08:51:00Z,95
I171013_BXD68_CD_ET2316_Run099,735,BXD68,CD,F,ET2316,Oct_15,06:29:00,3,Batch_2,2023-10-15T10:29:00Z,96
I171013_BXD65b_HF_ET1713_Run100,174,BXD65b,HF,F,ET1713,Oct_15,08:07:00,3,Batch_2,2023-10-15T12:07:00Z,97
I171013_BXD29_HF_ET2349_Run101,182,BXD29,HF,F,ET2349,Oct_15,10:30:00,3,Batch_2,2023-10-15T14:30:00Z,98
I171013_BXD29_CD_ET1040_Run102,574,BXD29,CD,F,ET1040,Oct_15,12:07:00,3,Batch_2,2023-10-15T16:07:00Z,99
I171013_BXD61_HF_ET2148_Run103,364,BXD61,HF,F,ET2148,Oct_15,13:45:00,3,Batch_2,2023-10-15T17:45:00Z,100
I171013_BXD65b_CD_ET1793_Run104,527,BXD65b,CD,F,ET1793,Oct_15,16:08:00,3,Batch_2,2023-10-15T20:08:00Z,101
I171013_BXD87_HF_ET1870_Run105,512,BXD87,HF,F,ET1870,Oct_15,17:46:00,3,Batch_2,2023-10-15T21:46:00Z,102
I171013_BXD89_HF_ET2076_Run106,759,BXD89,HF,F,ET2076,Oct_15,19:24:00,3,Batch_2,2023-10-15T23:24:00Z,103
I171013_BXD29_HF_ET1531_Run107,333,BXD29,HF,F,ET1531,Oct_15,23:26:00,3,Batch_2,2023-10-16T03:26:00Z,104
I171013_BXD45_HF_ET2161_Run108,350,BXD45,HF,F,ET2161,Oct_16,01:04:00,3,Batch_2,2023-10-16T05:04:00Z,105
I171013_BXD63_HF_ET2090_Run109,752,BXD63,HF,F,ET2090,Oct_16,03:26:00,3,Batch_2,2023-10-16T07:26:00Z,106
I171013_BXD64_CD_ET1199_Run110,550,BXD64,CD,F,ET1199,Oct_16,05:04:00,3,Batch_2,2023-10-16T09:04:00Z,107
I171013_BXD65b_CD_ET1410_Run111,302,BXD65b,CD,F,ET1410,Oct_16,06:42:00,3,Batch_2,2023-10-16T10:42:00Z,108
I171013_BXD48_CD_ET1835_Run112,518,BXD48,CD,F,ET1835,Oct_16,09:05:00,3,Batch_2,2023-10-16T13:05:00Z,109
I171013_BXD61_CD_ET2145_Run113,345,BXD61,CD,F,ET2145,Oct_16,10:43:00,3,Batch_2,2023-10-16T14:43:00Z,110
I171013_BXD70_HF_ET1728_Run114,578,BXD70,HF,F,ET1728,Oct_16,12:21:00,3,Batch_2,2023-10-16T16:21:00Z,111
I171016_BXD89_CD_ET2078_Run115,444,BXD89,CD,F,ET2078,Oct_16,16:06:00,3,Batch_2,2023-10-16T20:06:00Z,112
I171016_BXD39_CD_ET1322_Run116,550,BXD39,CD,F,ET1322,Oct_16,17:43:00,3,Batch_2,2023-10-16T21:43:00Z,113
I171016_BXD95_CD_ET1566_Run117,536,BXD95,CD,F,ET1566,Oct_16,19:21:00,3,Batch_2,2023-10-16T23:21:00Z,114
I171016_BXD99_CD_ET1354_Run118,535,BXD99,CD,F,ET1354,Oct_16,21:44:00,3,Batch_2,2023-10-17T01:44:00Z,115
I171016_BXD101_HF_ET1420_Run119,348,BXD101,HF,F,ET1420,Oct_16,23:22:00,3,Batch_2,2023-10-17T03:22:00Z,116
I171016_BXD43_CD_ET2154_Run120,381,BXD43,CD,F,ET2154,Oct_17,01:00:00,3,Batch_2,2023-10-17T05:00:00Z,117
I171016_BXD51_HF_ET1515_Run121,705,BXD51,HF,F,ET1515,Oct_17,03:22:00,3,Batch_2,2023-10-17T07:22:00Z,118
I171016_BXD73_HF_ET1506_Run122,694,BXD73,HF,F,ET1506,Oct_17,05:00:00,3,Batch_2,2023-10-17T09:00:00Z,119
I171016_BXD9_CD_ET2577_Run123,245,BXD9,CD,F,ET2577,Oct_17,06:38:00,3,Batch_2,2023-10-17T10:38:00Z,120
I171016_C57BL6J_HF_ET1681_Run124,182,C57BL6J,HF,F,ET1681,Oct_17,09:01:00,3,Batch_2,2023-10-17T13:01:00Z,121
I171016_C57BL6J_CD_ET1585_Run125,359,C57BL6J,CD,M,ET1585,Oct_17,10:39:00,3,Batch_2,2023-10-17T14:39:00Z,122
I171016_BXD51_CD_ET1518_Run126,705,BXD51,CD,F,ET1518,Oct_17,13:01:00,3,Batch_2,2023-10-17T17:01:00Z,123
I171016_BXD65_HF_ET1784_Run127,541,BXD65,HF,F,ET1784,Oct_17,14:39:00,3,Batch_2,2023-10-17T18:39:00Z,124
I171016_BXD73_CD_ET1906_Run128,539,BXD73,CD,F,ET1906,Oct_17,16:17:00,3,Batch_2,2023-10-17T20:17:00Z,125
I171016_Run131_BXD98_CD_ET1524_CTRL,384,BXD98,CD,F,ET1524,Oct_19,19:50:00,1,Batch_2,2023-10-19T23:50:00Z,126
I171022_Run132_BXD98_CD_ET1524_CTRL,384,BXD98,CD,F,ET1524,Oct_22,15:58:00,1,Batch_3,2023-10-22T19:58:00Z,127
I171022_Run133_BXD89_CD_ET2078,444,BXD89,CD,F,ET2078,Oct_22,17:36:00,3,Batch_3,2023-10-22T21:36:00Z,128
I171022_Run134_BXD39_CD_ET1322,550,BXD39,CD,F,ET1322,Oct_22,19:14:00,3,Batch_3,2023-10-22T23:14:00Z,129
I171022_Run135_BXD95_CD_ET1566,536,BXD95,CD,F,ET1566,Oct_22,21:46:00,3,Batch_3,2023-10-23T01:46:00Z,130
I171022_Run136_BXD99_CD_ET1354,535,BXD99,CD,F,ET1354,Oct_22,23:24:00,3,Batch_3,2023-10-23T03:24:00Z,131
I171022_Run137_BXD101_HF_ET1420,348,BXD101,HF,F,ET1420,Oct_23,01:02:00,3,Batch_3,2023-10-23T05:02:00Z,132
I171022_Run138_BXD43_CD_ET2154,381,BXD43,CD,F,ET2154,Oct_23,03:35:00,3,Batch_3,2023-10-23T07:35:00Z,133
I171022_Run139_BXD51_HF_ET1515,705,BXD51,HF,F,ET1515,Oct_23,05:13:00,3,Batch_3,2023-10-23T09:13:00Z,134
I171022_Run140_BXD73_HF_ET1506,694,BXD73,HF,F,ET1506,Oct_23,06:50:00,3,Batch_3,2023-10-23T10:50:00Z,135
I171022_Run141_BXD9_CD_ET2577,245,BXD9,CD,F,ET2577,Oct_23,09:23:00,3,Batch_3,2023-10-23T13:23:00Z,136
I171022_Run142_C57BL6J_HF_ET1681,182,C57BL6J,HF,F,ET1681,Oct_23,11:01:00,3,Batch_3,2023-10-23T15:01:00Z,137
I171022_Run143_C57BL6J_CD_ET1585,359,C57BL6J,CD,M,ET1585,Oct_23,12:39:00,3,Batch_3,2023-10-23T16:39:00Z,138
I171022_Run144_BXD51_CD_ET1518,705,BXD51,CD,F,ET1518,Oct_23,15:12:00,3,Batch_3,2023-10-23T19:12:00Z,139
I171022_Run146_BXD73_CD_ET1906,539,BXD73,CD,F,ET1906,Oct_23,19:44:00,3,Batch_3,2023-10-23T23:44:00Z,140
I171022_Run148_BXD102_HF_ET1358,544,BXD102,HF,F,ET1358,Oct_24,02:48:00,3,Batch_3,2023-10-24T06:48:00Z,141
I171022_Run149_BXD67_CD_ET1344,716,BXD67,CD,F,ET1344,Oct_24,04:26:00,3,Batch_3,2023-10-24T08:26:00Z,142
I171022_Run150_BXD40_HF_ET1488,291,BXD40,HF,F,ET1488,Oct_24,06:04:00,3,Batch_3,2023-10-24T10:04:00Z,143
I171022_Run151_BXD45_CD_ET1826,507,BXD45,CD,F,ET1826,Oct_24,08:37:00,3,Batch_3,2023-10-24T12:37:00Z,144
I171022_Run152_BXD63_HF_ET1716,186,BXD63,HF,F,ET1716,Oct_24,10:14:00,3,Batch_3,2023-10-24T14:14:00Z,145
I171022_Run153_B6D2F1_HF_ET2288,547,B6D2F1,HF,F,ET2288,Oct_24,11:52:00,3,Batch_3,2023-10-24T15:52:00Z,146
I171022_Run154_BXD73b_CD_ET2089,743,BXD73b,CD,F,ET2089,Oct_24,14:25:00,3,Batch_3,2023-10-24T18:25:00Z,147
I171022_Run155_BXD89_HF_ET1321,539,BXD89,HF,F,ET1321,Oct_24,16:03:00,3,Batch_3,2023-10-24T20:03:00Z,148
I171022_Run156_BXD48a_CD_ET70,419,BXD48a,CD,F,ET70,Oct_24,17:41:00,3,Batch_3,2023-10-24T21:41:00Z,149
I171022_Run157_BXD43_HF_ET244,236,BXD43,HF,F,ET244,Oct_24,20:13:00,3,Batch_3,2023-10-25T00:13:00Z,150
I171022_Run158_BXD65_HF_ET458,230,BXD65,HF,F,ET458,Oct_24,21:51:00,3,Batch_3,2023-10-25T01:51:00Z,151
I171022_Run159_BXD70_HF_ET188,239,BXD70,HF,F,ET188,Oct_24,23:29:00,3,Batch_3,2023-10-25T03:29:00Z,152
I171022_Run160_BXD81_CD_ET240,237,BXD81,CD,F,ET240,Oct_25,02:02:00,3,Batch_3,2023-10-25T06:02:00Z,153
I171022_Run161_BXD89_HF_ET176,243,BXD89,HF,F,ET176,Oct_25,03:40:00,3,Batch_3,2023-10-25T07:40:00Z,154
I171022_Run162_BXD48_HF_ET1341,595,BXD48,HF,F,ET1341,Oct_25,05:17:00,3,Batch_3,2023-10-25T09:17:00Z,155
I171022_Run163_BXD62_HF_ET1434,488,BXD62,HF,F,ET1434,Oct_25,07:50:00,3,Batch_3,2023-10-25T11:50:00Z,156
I171022_Run164_BXD48a_HF_ET210,233,BXD48a,HF,F,ET210,Oct_25,09:28:00,3,Batch_3,2023-10-25T13:28:00Z,157
I171022_Run165_B6D2F1_HF_ET1445,619,B6D2F1,HF,F,ET1445,Oct_25,11:06:00,3,Batch_3,2023-10-25T15:06:00Z,158
I171022_Run166_BXD98_CD_ET1524_CTRL,384,BXD98,CD,F,ET1524,Oct_25,13:38:00,1,Batch_3,2023-10-25T17:38:00Z,159
I171025_Run167_BXD101_HF_ET1422,493,BXD101,HF,F,ET1422,Oct_25,16:56:00,3,Batch_3,2023-10-25T20:56:00Z,160
I171025_Run168_BXD102_CD_ET1370,517,BXD102,CD,M,ET1370,Oct_25,19:29:00,3,Batch_3,2023-10-25T23:29:00Z,161
I171025_Run169_BXD44_CD_ET1822,240,BXD44,CD,F,ET1822,Oct_25,21:07:00,3,Batch_3,2023-10-26T01:07:00Z,162
I171025_Run170_BXD32_CD_ET2034,200,BXD32,CD,F,ET2034,Oct_25,22:44:00,3,Batch_3,2023-10-26T02:44:00Z,163
I171025_Run171_BXD48_HF_ET2046,189,BXD48,HF,F,ET2046,Oct_26,01:17:00,3,Batch_3,2023-10-26T05:17:00Z,164
I171025_Run172_BXD48_CD_ET2054,188,BXD48,CD,F,ET2054,Oct_26,02:55:00,3,Batch_3,2023-10-26T06:55:00Z,165
I171025_Run173_BXD49_HF_ET2056,190,BXD49,HF,F,ET2056,Oct_26,04:33:00,3,Batch_3,2023-10-26T08:33:00Z,166
I171025_Run174_BXD102_HF_ET1694,363,BXD102,HF,F,ET1694,Oct_26,07:05:00,3,Batch_3,2023-10-26T11:05:00Z,167
I171025_Run175_D2B6F1_HF_ET2008,233,D2B6F1,HF,M,ET2008,Oct_26,08:43:00,3,Batch_3,2023-10-26T12:43:00Z,168
I171025_Run176_BXD62_CD_ET1847,253,BXD62,CD,F,ET1847,Oct_26,10:21:00,3,Batch_3,2023-10-26T14:21:00Z,169
I171025_Run177_BXD44_HF_ET1825,240,BXD44,HF,F,ET1825,Oct_26,12:54:00,3,Batch_3,2023-10-26T16:54:00Z,170
I171025_Run178_BXD43_HF_ET1326,594,BXD43,HF,F,ET1326,Oct_26,14:32:00,3,Batch_3,2023-10-26T18:32:00Z,171
I171025_Run179_C57BL6J_CD_ET1106,753,C57BL6J,CD,M,ET1106,Oct_26,16:10:00,3,Batch_3,2023-10-26T20:10:00Z,172
I171025_Run180_BXD32_HF_ET2030,200,BXD32,HF,F,ET2030,Oct_26,18:42:00,3,Batch_3,2023-10-26T22:42:00Z,173
I171025_Run181_BXD66_HF_ET2124,184,BXD66,HF,F,ET2124,Oct_26,20:20:00,3,Batch_3,2023-10-27T00:20:00Z,174
I171025_Run182_BXD50_CD_ET2132,703,BXD50,CD,M,ET2132,Oct_26,21:58:00,3,Batch_3,2023-10-27T01:58:00Z,175
I171025_Run183_C57BL6J_HF_ET1266,777,C57BL6J,HF,M,ET1266,Oct_27,00:31:00,3,Batch_3,2023-10-27T04:31:00Z,176
I171025_Run184_BXD73_HF_ET2071,206,BXD73,HF,F,ET2071,Oct_27,02:09:00,3,Batch_3,2023-10-27T06:09:00Z,177
I171025_Run185_D2B6F1_HF_ET1438,462,D2B6F1,HF,M,ET1438,Oct_27,04:41:00,3,Batch_3,2023-10-27T08:41:00Z,178
I171025_Run186_BXD65b_HF_ET1597,415,BXD65b,HF,F,ET1597,Oct_27,06:19:00,3,Batch_3,2023-10-27T10:19:00Z,179
I171025_Run188_BXD70_CD_ET1487,434,BXD70,CD,F,ET1487,Oct_27,10:30:00,3,Batch_3,2023-10-27T14:30:00Z,180
I171025_Run189_BXD77_CD_ET1398,460,BXD77,CD,F,ET1398,Oct_27,12:08:00,3,Batch_3,2023-10-27T16:08:00Z,181
I171025_Run190_BXD95_CD_ET1564,644,BXD95,CD,F,ET1564,Oct_27,13:46:00,3,Batch_3,2023-10-27T17:46:00Z,182
I171025_Run191_BXD73b_HF_ET1545,474,BXD73b,HF,F,ET1545,Oct_27,16:18:00,3,Batch_3,2023-10-27T20:18:00Z,183
I171025_Run192_BXD73b_CD_ET1466,497,BXD73b,CD,F,ET1466,Oct_27,17:56:00,3,Batch_3,2023-10-27T21:56:00Z,184
I171025_Run195_BXD102_CD_ET1697,353,BXD102,CD,F,ET1697,Oct_28,23:45:00,3,Batch_3,2023-10-29T03:45:00Z,185
I171025_Run197_BXD100_HF_ET2085,176,BXD100,HF,F,ET2085,Oct_29,02:55:00,3,Batch_3,2023-10-29T06:55:00Z,186
I171025_Run198_BXD102_CD_ET1499,501,BXD102,CD,F,ET1499,Oct_29,04:33:00,3,Batch_3,2023-10-29T08:33:00Z,187
I171025_Run199_BXD73b_HF_ET1180,729,BXD73b,HF,F,ET1180,Oct_29,06:11:00,3,Batch_3,2023-10-29T10:11:00Z,188
I171025_Run200_BXD98_CD_ET1524,384,BXD98,CD,F,ET1524,Oct_29,08:44:00,1,Batch_3,2023-10-29T12:44:00Z,189
I171028_Run201_C57BL6J_CD_ET1103,537,C57BL6J,CD,F,ET1103,Oct_29,10:22:00,3,Batch_3,2023-10-29T14:22:00Z,190
I171028_Run202_BXD60_CD_ET236,759,BXD60,CD,F,ET236,Oct_29,12:00:00,3,Batch_3,2023-10-29T16:00:00Z,191
I171028_Run203_BXD68_CD_ET1068,201,BXD68,CD,F,ET1068,Oct_29,14:32:00,3,Batch_3,2023-10-29T18:32:00Z,192
I171028_Run204_BXD100_CD_ET247,223,BXD100,CD,F,ET247,Oct_29,16:10:00,4,Batch_3,2023-10-29T20:10:00Z,193
I171028_Run205_BXD100_CD_ET248,223,BXD100,CD,F,ET248,Oct_29,17:48:00,4,Batch_3,2023-10-29T21:48:00Z,194
I171028_Run206_BXD79_CD_ET825,217,BXD79,CD,F,ET825,Oct_29,20:21:00,4,Batch_3,2023-10-30T00:21:00Z,195
I171028_Run207_BXD100_CD_ET1213,374,BXD100,CD,F,ET1213,Oct_29,21:58:00,4,Batch_3,2023-10-30T01:58:00Z,196
I171028_Run208_BXD102_CD_ET448,714,BXD102,CD,F,ET448,Oct_29,23:36:00,4,Batch_3,2023-10-30T03:36:00Z,197
I171028_Run209_DBA2J_CD_ET1147,212,DBA2J,CD,F,ET1147,Oct_30,02:09:00,4,Batch_3,2023-10-30T06:09:00Z,198
I171028_Run210_BXD65_CD_ET1283,367,BXD65,CD,F,ET1283,Oct_30,03:47:00,4,Batch_3,2023-10-30T07:47:00Z,199
I171028_Run211_BXD73b_HF_ET1197,385,BXD73b,HF,F,ET1197,Oct_30,05:25:00,4,Batch_3,2023-10-30T09:25:00Z,200
I171028_Run212_BXD68_HF_ET1071,201,BXD68,HF,F,ET1071,Oct_30,07:57:00,4,Batch_3,2023-10-30T11:57:00Z,201
I171028_Run213_BXD69_HF_ET1087,210,BXD69,HF,F,ET1087,Oct_30,09:35:00,4,Batch_3,2023-10-30T13:35:00Z,202
I171028_Run214_BXD100_HF_ET1193,363,BXD100,HF,F,ET1193,Oct_30,11:13:00,4,Batch_3,2023-10-30T15:13:00Z,203
I171028_Run216_BXD102_CD_ET1363,183,BXD102,CD,F,ET1363,Oct_30,15:24:00,4,Batch_3,2023-10-30T19:24:00Z,204
I171028_Run218_BXD68_CD_ET1080,545,BXD68,CD,F,ET1080,Oct_30,19:34:00,4,Batch_3,2023-10-30T23:34:00Z,205
I171028_Run219_BXD68_HF_ET1082,545,BXD68,HF,F,ET1082,Oct_30,21:12:00,4,Batch_3,2023-10-31T01:12:00Z,206
I171028_Run220_BXD13_CD_ET1333,362,BXD13,CD,F,ET1333,Oct_30,23:45:00,4,Batch_3,2023-10-31T03:45:00Z,207
I171028_Run221_BXD73b_CD_ET184,237,BXD73b,CD,F,ET184,Oct_31,01:23:00,4,Batch_3,2023-10-31T05:23:00Z,208
I171028_Run222_BXD73b_HF_ET183,237,BXD73b,HF,F,ET183,Oct_31,03:00:00,4,Batch_3,2023-10-31T07:00:00Z,209
I171028_Run223_BXD100_CD_ET1190,567,BXD100,CD,F,ET1190,Oct_31,05:33:00,4,Batch_3,2023-10-31T09:33:00Z,210
I171028_Run224_BXD100_CD_ET1240,628,BXD100,CD,F,ET1240,Oct_31,07:11:00,4,Batch_3,2023-10-31T11:11:00Z,211
I171028_Run225_BXD79_HF_ET1428,303,BXD79,HF,F,ET1428,Oct_31,08:49:00,4,Batch_3,2023-10-31T12:49:00Z,212
I171028_Run226_BXD79_CD_ET1555,468,BXD79,CD,F,ET1555,Oct_31,11:21:00,4,Batch_3,2023-10-31T15:21:00Z,213
I171101_Run229_BXD98_CD_ET1524,384,BXD98,CD,F,ET1524,Nov_02,00:02:00,1,Batch_4,2023-11-02T04:02:00Z,214
I171101_Run230_BXD65_CD_ET2098,222,BXD65,CD,F,ET2098,Nov_02,01:40:00,4,Batch_4,2023-11-02T05:40:00Z,215
I171101_Run231_BXD68_CD_ET1899,349,BXD68,CD,F,ET1899,Nov_02,03:18:00,4,Batch_4,2023-11-02T07:18:00Z,216
I171101_Run232_BXD66_CD_ET2128,184,BXD66,CD,F,ET2128,Nov_02,04:56:00,4,Batch_4,2023-11-02T08:56:00Z,217
I171101_Run233_BXD69_CD_ET2142,157,BXD69,CD,F,ET2142,Nov_02,07:29:00,4,Batch_4,2023-11-02T11:29:00Z,218
I171101_Run234_BXD60_CD_ET235,235,BXD60,CD,F,ET235,Nov_02,09:06:00,4,Batch_4,2023-11-02T13:06:00Z,219
I171101_Run235_BXD66_CD_ET224,241,BXD66,CD,F,ET224,Nov_02,10:44:00,4,Batch_4,2023-11-02T14:44:00Z,220
I171101_Run236_BXD102_CD_ET229,354,BXD102,CD,F,ET229,Nov_02,13:17:00,4,Batch_4,2023-11-02T17:17:00Z,221
I171101_Run237_BXD73b_CD_ET267,377,BXD73b,CD,F,ET267,Nov_02,14:55:00,4,Batch_4,2023-11-02T18:55:00Z,222
I171101_Run239_BXD69_HF_ET574,347,BXD69,HF,F,ET574,Nov_02,19:05:00,4,Batch_4,2023-11-02T23:05:00Z,223
I171101_Run241_BXD84_HF_ET559,343,BXD84,HF,F,ET559,Nov_02,20:43:00,4,Batch_4,2023-11-03T00:43:00Z,224
I171101_Run242_BXD69_CD_ET591,558,BXD69,CD,F,ET591,Nov_02,22:22:00,4,Batch_4,2023-11-03T02:22:00Z,225
I171101_Run243_BXD79_HF_ET583,571,BXD79,HF,F,ET583,Nov_03,00:54:00,4,Batch_4,2023-11-03T04:54:00Z,226
I171101_Run244_C57BL6J_CD_ET691,734,C57BL6J,CD,F,ET691,Nov_03,02:32:00,4,Batch_4,2023-11-03T06:32:00Z,227
I171101_Run245_BXD91_CD_ET883,562,BXD91,CD,F,ET883,Nov_03,04:10:00,4,Batch_4,2023-11-03T08:10:00Z,228
I171101_Run246_BXD91_HF_ET881,562,BXD91,HF,F,ET881,Nov_03,06:42:00,4,Batch_4,2023-11-03T10:42:00Z,229
I171101_Run247_BXD65_CD_ET807,711,BXD65,CD,F,ET807,Nov_03,08:20:00,4,Batch_4,2023-11-03T12:20:00Z,230
I171101_Run248_BXD9_CD_ET365,348,BXD9,CD,F,ET365,Nov_03,09:58:00,4,Batch_4,2023-11-03T13:58:00Z,231
I171101_Run249_BXD48_CD_ET4,405,BXD48,CD,F,ET4,Nov_03,12:31:00,4,Batch_4,2023-11-03T16:31:00Z,232
I171101_Run250_BXD98_CD_ET1524,384,BXD98,CD,F,ET1524,Nov_03,14:09:00,1,Batch_4,2023-11-03T18:09:00Z,233
I171104_Run253_BXD91_HF_ET881,562,BXD91,HF,F,ET881,Nov_04,19:38:00,4,Batch_5,2023-11-04T23:38:00Z,234
I171104_Run254_BXD65_CD_ET807,711,BXD65,CD,F,ET807,Nov_04,21:16:00,4,Batch_5,2023-11-05T01:16:00Z,235
I171104_Run255_BXD9_CD_ET365,348,BXD9,CD,F,ET365,Nov_04,22:54:00,4,Batch_5,2023-11-05T02:54:00Z,236
I171104_Run256_BXD48_CD_ET4,405,BXD48,CD,F,ET4,Nov_05,01:27:00,4,Batch_5,2023-11-05T06:27:00Z,237
I171104_Run257_BXD87_CD_ET550,200,BXD87,CD,F,ET550,Nov_05,03:05:00,4,Batch_5,2023-11-05T08:05:00Z,238
I171104_Run260_BXD64_CD_ET1204,209,BXD64,CD,F,ET1204,Nov_05,07:15:00,4,Batch_5,2023-11-05T12:15:00Z,239
I171104_Run261_DBA2J_HF_ET1144,212,DBA2J,HF,F,ET1144,Nov_05,08:53:00,4,Batch_5,2023-11-05T13:53:00Z,240
I171104_Run262_BXD64_HF_ET1200,366,BXD64,HF,F,ET1200,Nov_05,10:31:00,4,Batch_5,2023-11-05T15:31:00Z,241
I171104_Run263_BXD87_HF_ET243,241,BXD87,HF,F,ET243,Nov_05,13:04:00,4,Batch_5,2023-11-05T18:04:00Z,242
I171104_Run264_BXD101_CD_ET468,223,BXD101,CD,F,ET468,Nov_05,14:42:00,4,Batch_5,2023-11-05T19:42:00Z,243
I171104_Run265_BXD102_HF_ET1361-Fix,183,BXD102,HF,F,ET1361-Fix,Nov_05,16:20:00,4,Batch_5,2023-11-05T21:20:00Z,244
I171104_Run266_BXD40_CD_ET680-Fix,578,BXD40,CD,F,ET680-Fix,Nov_05,18:52:00,4,Batch_5,2023-11-05T23:52:00Z,245
I171104_Run267_BXD86_HF_ET1091-Fix,360,BXD86,HF,F,ET1091-Fix,Nov_05,20:30:00,4,Batch_5,2023-11-06T01:30:00Z,246
I171104_Run268_BXD83_CD_ET301-R1,553,BXD83,CD,F,ET301-R1,Nov_05,22:08:00,4,Batch_5,2023-11-06T03:08:00Z,247
I171104_Run269_BXD9_HF_ET370-R1,347,BXD9,HF,F,ET370-R1,Nov_06,00:41:00,4,Batch_5,2023-11-06T05:41:00Z,248
I171104_Run270_BXD40_CD_ET2040-R1,719,BXD40,CD,F,ET2040-R1,Nov_06,02:19:00,4,Batch_5,2023-11-06T07:19:00Z,249
I171104_Run251_BXD98_CD_ET1524,384,BXD98,CD,F,ET1524,Nov_06,03:57:00,1,Batch_5,2023-11-06T08:57:00Z,250
I171104_Run272_BXD63_CD_ET1872-R1,751,BXD63,CD,F,ET1872-R1,Nov_06,06:29:00,4,Batch_5,2023-11-06T11:29:00Z,251
I171104_Run273_BXD45_CD_ET1762,384,BXD45,CD,F,ET1762,Nov_06,08:07:00,4,Batch_5,2023-11-06T13:07:00Z,252
I171104_Run274_BXD98_CD_ET1769,384,BXD98,CD,F,ET1769,Nov_06,09:45:00,4,Batch_5,2023-11-06T14:45:00Z,253
I171104_Run275_BXD29_CD_ET770,225,BXD29,CD,F,ET770,Nov_06,12:17:00,5,Batch_5,2023-11-06T17:17:00Z,254
I171104_Run276_D2B6F1_CD_ET1162,744,D2B6F1,CD,F,ET1162,Nov_06,13:55:00,5,Batch_5,2023-11-06T18:55:00Z,255
I171104_Run278_DBA2J_HF_ET532,361,DBA2J,HF,F,ET532,Nov_06,21:14:00,5,Batch_5,2023-11-07T02:14:00Z,256
I171104_Run279_BXD29_CD_ET773,385,BXD29,CD,F,ET773,Nov_06,22:52:00,5,Batch_5,2023-11-07T03:52:00Z,257
I171104_Run280_BXD74_HF_ET623,197,BXD74,HF,F,ET623,Nov_07,00:30:00,5,Batch_5,2023-11-07T05:30:00Z,258
I171104_Run281_BXD24_CD_ET1541,677,BXD24,CD,F,ET1541,Nov_07,03:03:00,5,Batch_5,2023-11-07T08:03:00Z,259
I171104_Run282_BXD32_CD_ET1801,517,BXD32,CD,F,ET1801,Nov_07,04:41:00,5,Batch_5,2023-11-07T09:41:00Z,260
I171104_Run283_BXD70_CD_ET2069,758,BXD70,CD,F,ET2069,Nov_07,06:19:00,5,Batch_5,2023-11-07T11:19:00Z,261
I171104_Run284_BXD98_CD_ET2252,531,BXD98,CD,F,ET2252,Nov_07,08:51:00,5,Batch_5,2023-11-07T13:51:00Z,262
I171104_Run287_DBA2J_CD_ET1812,532,DBA2J,CD,F,ET1812,Nov_07,12:07:00,5,Batch_5,2023-11-07T17:07:00Z,263
I171104_Run286_BXD63_CD_ET821,582,BXD63,CD,F,ET821,Nov_07,16:19:00,5,Batch_5,2023-11-07T21:19:00Z,264
I171104_Run289_BXD86_CD_ET2452,376,BXD86,CD,F,ET2452,Nov_07,20:30:00,5,Batch_5,2023-11-08T01:30:00Z,265
I171104_Run290_BXD61_HF_ET2063,754,BXD61,HF,F,ET2063,Nov_07,22:08:00,5,Batch_5,2023-11-08T03:08:00Z,266
I171104_Run291_BXD81_HF_ET237,237,BXD81,HF,F,ET237,Nov_07,23:46:00,5,Batch_5,2023-11-08T04:46:00Z,267
I171104_Run292_BXD49_CD_ET2058,190,BXD49,CD,F,ET2058,Nov_08,02:18:00,5,Batch_5,2023-11-08T07:18:00Z,268
I171104_Run293_BXD73_CD_ET2072,206,BXD73,CD,F,ET2072,Nov_08,03:56:00,5,Batch_5,2023-11-08T08:56:00Z,269
I171104_Run294_BXD79_HF_ET1684,177,BXD79,HF,F,ET1684,Nov_08,05:34:00,5,Batch_5,2023-11-08T10:34:00Z,270
I171104_Run295_BXD100_HF_ET1183,715,BXD100,HF,F,ET1183,Nov_08,08:07:00,5,Batch_5,2023-11-08T13:07:00Z,271
I171104_Run296_BXD84_CD_ET637,385,BXD84,CD,F,ET637,Nov_08,09:45:00,5,Batch_5,2023-11-08T14:45:00Z,272
I171104_Run297_C57BL6J_CD_ET526,215,C57BL6J,CD,F,ET526,Nov_08,11:23:00,5,Batch_5,2023-11-08T16:23:00Z,273
I171104_Run310_BXD98_CD_ET1524,384,BXD98,CD,F,ET1524,Nov_08,15:33:00,1,Batch_5,2023-11-08T20:33:00Z,274
I171111_Run298b_BXD73_HF_ET1506,694,BXD73,HF,F,ET1506,Nov_10,22:11:00,3,Batch_6,2023-11-11T03:11:00Z,275
I171111_Run298_BXD77_HF_ET147,353,BXD77,HF,F,ET147,Nov_11,01:57:00,2,Batch_6,2023-11-11T06:57:00Z,276
I171111_Run300_BXD27_CD_ET777,226,BXD27,CD,F,ET777,Nov_11,05:13:00,2,Batch_6,2023-11-11T10:13:00Z,277
I171111_Run301_BXD77_HF_ET328,723,BXD77,HF,F,ET328,Nov_11,22:12:00,2,Batch_6,2023-11-12T03:12:00Z,278
I171111_Run303_BXD34_HF_ET1056,197,BXD34,HF,F,ET1056,Nov_12,01:28:00,2,Batch_6,2023-11-12T06:28:00Z,279
I171111_Run304_BXD27_CD_ET2520,362,BXD27,CD,F,ET2520,Nov_12,04:01:00,2,Batch_6,2023-11-12T09:01:00Z,280
I171111_Run305_BXD86_CD_ET252,731,BXD86,CD,F,ET252,Nov_12,05:39:00,2,Batch_6,2023-11-12T10:39:00Z,281
I171111_Run306_BXD55_HF_ET557,573,BXD55,HF,F,ET557,Nov_12,07:17:00,2,Batch_6,2023-11-12T12:17:00Z,282
I171111_Run307_D2B6F1_HF_ET1156,397,D2B6F1,HF,M,ET1156,Nov_12,09:49:00,2,Batch_6,2023-11-12T14:49:00Z,283
I171111_Run308_B6D2F1_CD_ET1221,364,B6D2F1,CD,M,ET1221,Nov_12,11:27:00,2,Batch_6,2023-11-12T16:27:00Z,284
I171111_Run309_BXD66_HF_ET223,359,BXD66,HF,F,ET223,Nov_12,13:05:00,2,Batch_6,2023-11-12T18:05:00Z,285
I171111_Run311_BXD77_CD_ET148,352,BXD77,CD,F,ET148,Nov_12,15:37:00,2,Batch_6,2023-11-12T20:37:00Z,286
I171111_Run312_BXD56_CD_ET763,218,BXD56,CD,F,ET763,Nov_12,17:15:00,2,Batch_6,2023-11-12T22:15:00Z,287
I171111_Run313_BXD102_HF_ET1361,183,BXD102,HF,F,ET1361,Nov_12,18:53:00,2,Batch_6,2023-11-12T23:53:00Z,288
I171111_Run313b_BXD73_HF_ET1506,694,BXD73,HF,F,ET1506,Nov_12,21:26:00,3,Batch_6,2023-11-13T02:26:00Z,289
I171111_Run314_BXD40_CD_ET680,578,BXD40,CD,F,ET680,Nov_12,23:58:00,1,Batch_6,2023-11-13T04:58:00Z,290
I171111_Run315_BXD86_HF_ET1091,360,BXD86,HF,F,ET1091,Nov_13,01:36:00,2,Batch_6,2023-11-13T06:36:00Z,291
I171111_Run316_BXD83_CD_ET301,553,BXD83,CD,F,ET301,Nov_13,03:14:00,2,Batch_6,2023-11-13T08:14:00Z,292
I171111_Run317_BXD9_HF_ET370,347,BXD9,HF,F,ET370,Nov_13,05:47:00,1,Batch_6,2023-11-13T10:47:00Z,293
I171111_Run318_BXD40_CD_ET2040,719,BXD40,CD,F,ET2040,Nov_13,07:25:00,2,Batch_6,2023-11-13T12:25:00Z,294
I171111_Run319_BXD27_HF_ET2434,387,BXD27,HF,F,ET2434,Nov_13,09:03:00,1,Batch_6,2023-11-13T14:03:00Z,295
I171115_Run323c_BXD73_HF_ET1506,694,BXD73,HF,F,ET1506,Nov_16,04:57:00,3,Batch_7,2023-11-16T09:57:00Z,296
I171115_Run323_BXD34_CD_ET288,748,BXD34,CD,F,ET288,Nov_16,06:35:00,2,Batch_7,2023-11-16T11:35:00Z,297
I171115_Run324_BXD95_HF_ET1275,213,BXD95,HF,F,ET1275,Nov_16,08:13:00,2,Batch_7,2023-11-16T13:13:00Z,298
I171115_Run325_BXD60_HF_ET1065,374,BXD60,HF,F,ET1065,Nov_16,10:45:00,2,Batch_7,2023-11-16T15:45:00Z,299
I171115_Run328_BXD48a_HF_ET699,543,BXD48a,HF,F,ET699,Nov_16,16:34:00,2,Batch_7,2023-11-16T21:34:00Z,300
I171115_Run329_BXD95_CD_ET1270,366,BXD95,CD,F,ET1270,Nov_16,18:12:00,2,Batch_7,2023-11-16T23:12:00Z,301
I171116_Run343_BXD95_HF_ET857,364,BXD95,HF,F,ET857,Nov_17,02:35:00,2,Batch_7,2023-11-17T07:35:00Z,302
I171115_Run331_BXD89_HF_ET178,352,BXD89,HF,F,ET178,Nov_17,06:45:00,2,Batch_7,2023-11-17T11:45:00Z,303
I171115_Run332_BXD63_CD_ET2092,752,BXD63,CD,F,ET2092,Nov_17,08:23:00,2,Batch_7,2023-11-17T13:23:00Z,304
I171115_Run333_C57BL6J_HF_ET2018,726,C57BL6J,HF,F,ET2018,Nov_17,10:01:00,2,Batch_7,2023-11-17T15:01:00Z,305
I171117_Run333b_BXD73_HF_ET1506,694,BXD73,HF,F,ET1506,Nov_18,06:13:00,3,Batch_7,2023-11-18T11:13:00Z,306
I171117_Run334_BXD29_HF_ET669,577,BXD29,HF,F,ET669,Nov_18,07:51:00,2,Batch_7,2023-11-18T12:51:00Z,307
I171117_Run335_B6D2F1_HF_ET2290,547,B6D2F1,HF,F,ET2290,Nov_18,09:29:00,2,Batch_7,2023-11-18T14:29:00Z,308
I171117_Run336_BXD51_HF_ET1182,211,BXD51,HF,F,ET1182,Nov_18,12:02:00,2,Batch_7,2023-11-18T17:02:00Z,309
I171117_Run337_BXD40_HF_ET2037,719,BXD40,HF,F,ET2037,Nov_18,13:40:00,2,Batch_7,2023-11-18T18:40:00Z,310
I171117_Run338_BXD29_CD_ET742,572,BXD29,CD,F,ET742,Nov_18,15:18:00,2,Batch_7,2023-11-18T20:18:00Z,311
I171117_Run339_BXD90_HF_ET1093,218,BXD90,HF,F,ET1093,Nov_18,17:50:00,2,Batch_7,2023-11-18T22:50:00Z,312
I171117_Run340_BXD24_CD_ET1033,377,BXD24,CD,F,ET1033,Nov_18,19:28:00,2,Batch_7,2023-11-19T00:28:00Z,313
I171117_Run345_D2B6F1_HF_ET642,540,D2B6F1,HF,F,ET642,Nov_18,23:39:00,2,Batch_7,2023-11-19T04:39:00Z,314
I171117_Run346_B6D2F1_HF_ET1236,540,B6D2F1,HF,M,ET1236,Nov_19,01:17:00,2,Batch_7,2023-11-19T06:17:00Z,315
I171117_Run347_BXD29_HF_ET732,736,BXD29,HF,F,ET732,Nov_19,02:55:00,2,Batch_7,2023-11-19T07:55:00Z,316
I171117_Run348_BXD48_CD_ET132,731,BXD48,CD,F,ET132,Nov_19,05:27:00,2,Batch_7,2023-11-19T10:27:00Z,317
I171116_Run349_BXD86_CD_ET614,544,BXD86,CD,F,ET614,Nov_19,07:05:00,2,Batch_7,2023-11-19T12:05:00Z,318
I171119_Run350_BXD63_CD_ET818,218,BXD63,CD,F,ET818,Nov_19,09:37:00,2,Batch_7,2023-11-19T14:37:00Z,319
I171119_Run351_B6D2F1_HF_ET1234,364,B6D2F1,HF,F,ET1234,Nov_19,11:15:00,2,Batch_7,2023-11-19T16:15:00Z,320
I171119_Run352_BXD77_CD_ET30,757,BXD77,CD,F,ET30,Nov_19,12:53:00,2,Batch_7,2023-11-19T17:53:00Z,321
I171119_Run353_C57BL6J_CD_ET1262,538,C57BL6J,CD,M,ET1262,Nov_19,15:26:00,2,Batch_7,2023-11-19T20:26:00Z,322
I171119_Run354_BXD98_HF_ET1522,662,BXD98,HF,F,ET1522,Nov_19,17:04:00,2,Batch_7,2023-11-19T22:04:00Z,323
I171119_Run355_D2B6F1_CD_ET1154,210,D2B6F1,CD,F,ET1154,Nov_19,18:42:00,2,Batch_7,2023-11-19T23:42:00Z,324
I171119_Run356_C57BL6J_HF_ET1264,538,C57BL6J,HF,M,ET1264,Nov_19,21:14:00,2,Batch_7,2023-11-20T02:14:00Z,325
I171119_Run357_BXD88_CD_ET895,716,BXD88,CD,F,ET895,Nov_19,22:52:00,2,Batch_7,2023-11-20T03:52:00Z,326
I171119_Run358_BXD65_HF_ET1285,367,BXD65,HF,F,ET1285,Nov_20,00:30:00,2,Batch_7,2023-11-20T05:30:00Z,327
I171119_Run359_BXD51_CD_ET704,348,BXD51,CD,F,ET704,Nov_20,03:03:00,2,Batch_7,2023-11-20T08:03:00Z,328
I171119_Run360_BXD95_HF_ET1275R1,213,BXD95,HF,F,ET1275R1,Nov_20,04:41:00,3,Batch_7,2023-11-20T09:41:00Z,329
I171119_Run362_BXD95_CD_ET1270R1,366,BXD95,CD,F,ET1270R1,Nov_20,08:51:00,3,Batch_7,2023-11-20T13:51:00Z,330
I171119_Run363_BXD67_CD_ET759,564,BXD67,CD,F,ET759,Nov_20,10:29:00,2,Batch_7,2023-11-20T15:29:00Z,331
I171119_Run365_D2B6F1_CD_ET646,545,D2B6F1,CD,F,ET646,Nov_20,14:40:00,2,Batch_7,2023-11-20T19:40:00Z,332
I171119_Run367_BXD62_HF_ET701,343,BXD62,HF,F,ET701,Nov_20,16:17:00,2,Batch_7,2023-11-20T21:17:00Z,333
I171119_Run368_BXD63_HF_ET1415,344,BXD63,HF,F,ET1415,Nov_20,17:55:00,2,Batch_7,2023-11-20T22:55:00Z,334
I171119_Run369_B6D2F1_CD_ET1222,364,B6D2F1,CD,F,ET1222,Nov_20,20:28:00,2,Batch_7,2023-11-21T01:28:00Z,335
I171119_Run370_BXD98_HF_ET628,360,BXD98,HF,F,ET628,Nov_20,22:06:00,2,Batch_7,2023-11-21T03:06:00Z,336
I171119_Run371_D2B6F1_HF_ET1150,214,D2B6F1,HF,F,ET1150,Nov_20,23:44:00,2,Batch_7,2023-11-21T04:44:00Z,337
I171119_Run371b_BXD73_HF_ET1506,694,BXD73,HF,F,ET1506,Nov_21,02:16:00,3,Batch_7,2023-11-21T07:16:00Z,338
I171119_Run372_BXD90_HF_ET1097,343,BXD90,HF,F,ET1097,Nov_21,06:28:00,2,Batch_7,2023-11-21T11:28:00Z,339
I171121_Run374_BXD32_HF_ET596,365,BXD32,HF,F,ET596,Nov_21,09:44:00,2,Batch_7,2023-11-21T14:44:00Z,340
I171121_Run376_BXD90_CD_ET756,549,BXD90,CD,F,ET756,Nov_21,13:55:00,2,Batch_7,2023-11-21T18:55:00Z,341
I171121_Run377_DBA2J_HF_ET529,709,DBA2J,HF,F,ET529,Nov_21,15:33:00,2,Batch_7,2023-11-21T20:33:00Z,342
I171121_Run378_BXD9_HF_ET1009,548,BXD9,HF,F,ET1009,Nov_21,18:05:00,2,Batch_7,2023-11-21T23:05:00Z,343
I171121_Run379_B6D2F1_CD_ET1223,216,B6D2F1,CD,F,ET1223,Nov_21,19:43:00,2,Batch_7,2023-11-22T00:43:00Z,344
I171121_Run380_BXD53_CD_ET848,571,BXD53,CD,F,ET848,Nov_21,21:21:00,2,Batch_7,2023-11-22T02:21:00Z,345
I171121_Run381_BXD43_HF_ET1323,367,BXD43,HF,F,ET1323,Nov_21,23:53:00,2,Batch_7,2023-11-22T04:53:00Z,346
I171121_Run382_BXD51_HF_ET598,357,BXD51,HF,F,ET598,Nov_22,01:31:00,2,Batch_7,2023-11-22T06:31:00Z,347
I171121_Run384_BXD32_CD_ET87,742,BXD32,CD,F,ET87,Nov_22,05:42:00,2,Batch_7,2023-11-22T10:42:00Z,348
I171121_Run385_BXD89_CD_ET555,193,BXD89,CD,F,ET555,Nov_22,07:20:00,2,Batch_7,2023-11-22T12:20:00Z,349
I171121_Run386_C57BL6J_HF_ET514,544,C57BL6J,HF,F,ET514,Nov_22,08:58:00,2,Batch_7,2023-11-22T13:58:00Z,350
I171121_Run387_BXD48a_HF_ET216,351,BXD48a,HF,F,ET216,Nov_22,11:30:00,2,Batch_7,2023-11-22T16:30:00Z,351
I171121_Run388_BXD99_HF_ET1355,182,BXD99,HF,F,ET1355,Nov_22,13:08:00,2,Batch_7,2023-11-22T18:08:00Z,352
I171121_Run389_B6D2F1_HF_ET1225,216,B6D2F1,HF,F,ET1225,Nov_22,14:46:00,2,Batch_7,2023-11-22T19:46:00Z,353
I171121_Run390_BXD68_CD_ET1085,545,BXD68,CD,M,ET1085,Nov_22,17:19:00,2,Batch_7,2023-11-22T22:19:00Z,354
I171121_Run391_BXD61_HF_ET1722,188,BXD61,HF,F,ET1722,Nov_22,18:57:00,2,Batch_7,2023-11-22T23:57:00Z,355
I171121_Run392_BXD65b_CD_ET1709,187,BXD65b,CD,F,ET1709,Nov_22,20:35:00,2,Batch_7,2023-11-23T01:35:00Z,356
I171121_Run393_BXD87_HF_ET547,359,BXD87,HF,F,ET547,Nov_22,23:07:00,2,Batch_7,2023-11-23T04:07:00Z,357
I171123_Run395_BXD32_CD_ET2495,386,BXD32,CD,F,ET2495,Nov_23,03:18:00,1,Batch_7,2023-11-23T08:18:00Z,358
I171123_Run396_BXD63_CD_ET1872,751,BXD63,CD,F,ET1872,Nov_23,04:55:00,1,Batch_7,2023-11-23T09:55:00Z,359
I171123_Run397_BXD95_CD_ET1270,366,BXD95,CD,F,ET1270,Nov_23,06:33:00,2,Batch_7,2023-11-23T11:33:00Z,360
I171123_Run398_BXD77_CD_ET30,757,BXD77,CD,F,ET30,Nov_23,09:06:00,2,Batch_7,2023-11-23T14:06:00Z,361
I171123_Run399_BXD63_HF_ET2090,752,BXD63,HF,F,ET2090,Nov_23,10:44:00,3,Batch_7,2023-11-23T15:44:00Z,362
I171123_Run400_BXD89_CD_ET2078,444,BXD89,CD,F,ET2078,Nov_23,12:22:00,3,Batch_7,2023-11-23T17:22:00Z,363
I171123_Run401_BXD70_HF_ET188,239,BXD70,HF,F,ET188,Nov_23,14:54:00,3,Batch_7,2023-11-23T19:54:00Z,364
I171123_Run402_BXD79_CD_ET825,217,BXD79,CD,F,ET825,Nov_23,16:32:00,4,Batch_7,2023-11-23T21:32:00Z,365
I171123_Run403_DBA2J_HF_ET1144,212,DBA2J,HF,F,ET1144,Nov_23,18:10:00,4,Batch_7,2023-11-23T23:10:00Z,366
I171123_Run404_MixOfPrevious9_CDHFD_MIX,NA,Mix,CDHFD,F,Mix,Nov_23,20:43:00,Mix,Batch_7,2023-11-24T01:43:00Z,367
I171123_Run405_MixOfPrevious9_CDHFD_MIX,NA,Mix,CDHFD,F,Mix,Nov_23,22:21:00,Mix,Batch_7,2023-11-24T03:21:00Z,368
I171123_Run406_MixOfPrevious9_CDHFD_MIX,NA,Mix,CDHFD,F,Mix,Nov_23,23:59:00,Mix,Batch_7,2023-11-24T04:59:00Z,369
I171123_Run407_BXD40_CD_ET680,578,BXD40,CD,F,ET680,Nov_24,02:31:00,1,Batch_7,2023-11-24T07:31:00Z,370
I171123_Run408_BXD40_CD_ET680fix,578,BXD40,CD,F,ET680,Nov_24,04:09:00,4,Batch_7,2023-11-24T09:09:00Z,371
I171123_Run411_BXD40_CD_ET1058,362,BXD40,CD,F,ET1058,Nov_24,08:20:00,2,Batch_7,2023-11-24T13:20:00Z,372
I171124_Run414_BXD73_HF_ET1506,694,BXD73,HF,F,ET1506,Nov_24,14:08:00,3,Batch_7,2023-11-24T19:08:00Z,373
I171124_Run415_BXD73_HF_ET1506,694,BXD73,HF,F,ET1506,Nov_24,21:13:00,3,Batch_7,2023-11-25T02:13:00Z,374
I171123_Run416_DBA2J_CD_ET1886,344,DBA2J,CD,F,ET1886,Nov_24,22:51:00,3,Batch_7,2023-11-25T03:51:00Z,375
